Year,State Name,Ozone Average,Carbon Average,Nitrogen Average,Sulfur Average,PM2.5 Average,PM10 Average,Ozone AQI,Carbon AQI,Nitrogen AQI,Sulfur AQI,PM2.5 AQI,PM10 AQI,Overall AQI
2000,Alabama,0,1.0,18,10,0.0,38.9,0,11,17,14,0,35,35
2000,Alaska,0,1.4,0,0,0.0,0.0,0,16,0,0,0,0,16
2000,Arizona,0,1.0,34,10,0.0,45.9,0,11,32,14,0,42,42
2000,Arkansas,0,1.2,17,8,0.0,0.0,0,14,16,11,0,0,16
2000,California,0,0.7,25,4,0.0,20.8,0,8,24,6,0,19,24
2000,Colorado,0,0.7,23,7,0.0,20.8,0,8,22,10,0,19,22
2000,Connecticut,0,0.8,22,7,0.0,31.2,0,9,21,10,0,28,28
2000,Delaware,0,0.6,28,11,0.0,0.0,0,7,26,15,0,0,26
2000,District Of Columbia,0,1.1,28,13,0.0,0.0,0,12,26,18,0,0,26
2000,Florida,0,0.7,17,9,0.0,21.9,0,8,16,13,0,20,20
2000,Georgia,0,0.7,21,8,0.0,26.6,0,8,20,11,0,24,24
2000,Hawaii,0,0.5,7,8,0.0,0.0,0,6,7,11,0,0,11
2000,Idaho,0,1.1,25,17,0.0,27.1,0,12,24,24,0,25,25
2000,Illinois,0,0.8,27,12,0.0,0.0,0,9,25,17,0,0,25
2000,Indiana,0,0.7,25,13,0.0,25.4,0,8,24,18,0,23,24
2000,Iowa,0,0.5,7,6,0.0,26.9,0,6,7,8,0,24,24
2000,Kansas,0,0.6,13,5,0.0,22.8,0,7,12,7,0,21,21
2000,Kentucky,0,0.3,22,13,0.0,0.0,0,3,21,18,0,0,21
2000,Louisiana,0,0.7,16,8,0.0,0.0,0,8,15,11,0,0,15
2000,Maine,0,0.0,9,6,0.0,17.6,0,0,8,8,0,16,16
2000,Maryland,0,0.6,23,13,0.0,0.0,0,7,22,18,0,0,22
2000,Massachusetts,0,0.6,20,10,0.0,0.0,0,7,19,14,0,0,19
2000,Michigan,0,0.3,22,11,0.0,34.4,0,3,21,15,0,31,31
2000,Minnesota,0,0.6,22,3,0.0,0.0,0,7,21,4,0,0,21
2000,Mississippi,0,0.3,12,5,0.0,23.0,0,3,11,7,0,21,21
2000,Missouri,0,0.7,19,11,0.0,38.6,0,8,18,15,0,35,35
2000,Montana,0,0.9,5,10,0.0,21.2,0,10,5,14,0,19,19
2000,Nebraska,0,0.6,0,1,0.0,0.0,0,7,0,1,0,0,7
2000,Nevada,0,0.6,19,1,0.0,21.6,0,7,18,1,0,20,20
2000,New Hampshire,0,0.6,14,8,0.0,0.0,0,7,13,11,0,0,13
2000,New Jersey,0,0.9,31,8,0.0,0.0,0,10,29,11,0,0,29
2000,New Mexico,0,0.6,15,6,0.0,27.7,0,7,14,8,0,25,25
2000,New York,0,0.8,35,12,0.0,15.8,0,9,33,17,0,14,33
2000,North Carolina,0,0.7,26,8,0.0,21.2,0,8,25,11,0,19,25
2000,North Dakota,0,0.0,6,5,0.0,0.0,0,0,6,7,0,0,7
2000,Ohio,0,0.6,29,13,0.0,24.4,0,7,27,18,0,22,27
2000,Oklahoma,0,0.5,15,7,0.0,21.7,0,6,14,10,0,20,20
2000,Oregon,0,1.3,17,0,0.0,0.0,0,15,16,0,0,0,16
2000,Pennsylvania,0,0.4,24,15,0.0,22.7,0,5,23,21,0,21,23
2000,Rhode Island,0,0.8,16,9,0.0,0.0,0,9,15,13,0,0,15
2000,South Carolina,0,0.5,12,4,0.0,33.5,0,6,11,6,0,31,31
2000,South Dakota,0,0.0,0,0,0.0,31.6,0,0,0,0,0,29,29
2000,Tennessee,0,0.7,18,11,0.0,31.1,0,8,17,15,0,28,28
2000,Texas,0,0.6,18,6,0.0,0.0,0,7,17,8,0,0,17
2000,Utah,0,1.1,35,5,0.0,0.0,0,12,33,7,0,0,33
2000,Vermont,0,0.5,20,5,0.0,0.0,0,6,19,7,0,0,19
2000,Virginia,0,0.5,22,10,0.0,0.0,0,6,21,14,0,0,21
2000,Washington,0,1.2,28,5,0.0,0.0,0,14,26,7,0,0,26
2000,West Virginia,0,0.6,0,23,0.0,26.6,0,7,0,32,0,24,32
2000,Wisconsin,0,0.3,21,10,0.0,0.0,0,3,20,14,0,0,20
2000,Wyoming,0,0.0,0,0,0.0,0.0,0,0,0,0,0,0,0
2000,Puerto Rico,0,1.7,21,12,0.0,28.0,0,19,20,17,0,26,26
2000,Virgin Islands,0,0.0,0,5,0.0,0.0,0,0,0,7,0,0,7
2000,Country Of Mexico,0,1.3,31,7,0.0,0.0,0,15,29,10,0,0,29
2000,Canada,0,0.0,0,0,0.0,0.0,0,0,0,0,0,0,0
2001,Alabama,0,1.2,14,7,0.0,36.9,0,14,13,10,0,34,34
2001,Alaska,0,1.4,0,0,0.0,0.0,0,16,0,0,0,0,16
2001,Arizona,0,0.9,29,12,0.0,30.5,0,10,27,17,0,28,28
2001,Arkansas,0,0.8,17,5,0.0,0.0,0,9,16,7,0,0,16
2001,California,0,0.6,24,3,0.0,21.9,0,7,23,4,0,20,23
2001,Colorado,0,0.7,23,7,0.0,23.3,0,8,22,10,0,21,22
2001,Connecticut,0,0.9,26,8,0.0,36.8,0,10,25,11,0,34,34
2001,Delaware,0,0.5,28,11,0.0,0.0,0,6,26,15,0,0,26
2001,District Of Columbia,0,1.0,33,11,0.0,0.0,0,11,31,15,0,0,31
2001,Florida,0,0.7,16,8,0.0,21.1,0,8,15,11,0,19,19
2001,Georgia,0,0.7,21,7,0.0,25.3,0,8,20,10,0,23,23
2001,Hawaii,0,0.5,7,12,0.0,0.0,0,6,7,17,0,0,17
2001,Idaho,0,1.1,24,31,0.0,23.4,0,12,23,43,0,21,43
2001,Illinois,0,0.8,28,11,0.0,31.2,0,9,26,15,0,28,28
2001,Indiana,0,0.7,19,13,0.0,23.4,0,8,18,18,0,21,21
2001,Iowa,0,0.6,12,4,0.0,26.3,0,7,11,6,0,24,24
2001,Kansas,0,0.4,14,3,0.0,22.0,0,5,13,4,0,20,20
2001,Kentucky,0,0.3,21,10,0.0,0.0,0,3,20,14,0,0,20
2001,Louisiana,0,0.8,16,8,0.0,0.0,0,9,15,11,0,0,15
2001,Maine,0,0.4,20,6,0.0,21.2,0,5,19,8,0,19,19
2001,Maryland,0,0.4,25,13,0.0,0.0,0,5,24,18,0,0,24
2001,Massachusetts,0,0.5,21,8,0.0,0.0,0,6,20,11,0,0,20
2001,Michigan,0,0.3,27,10,0.0,34.9,0,3,25,14,0,32,32
2001,Minnesota,0,0.5,21,3,0.0,0.0,0,6,20,4,0,0,20
2001,Mississippi,0,0.4,11,4,0.0,20.1,0,5,10,6,0,18,18
2001,Missouri,0,0.6,18,11,0.0,47.7,0,7,17,15,0,43,43
2001,Montana,0,0.8,7,9,0.0,21.9,0,9,7,13,0,20,20
2001,Nebraska,0,0.6,0,1,0.0,0.0,0,7,0,1,0,0,7
2001,Nevada,0,0.6,18,1,0.0,22.5,0,7,17,1,0,20,20
2001,New Hampshire,0,0.4,20,8,0.0,0.0,0,5,19,11,0,0,19
2001,New Jersey,0,0.8,31,9,0.0,0.0,0,9,29,13,0,0,29
2001,New Mexico,0,0.6,15,5,0.0,23.0,0,7,14,7,0,21,21
2001,New York,0,0.7,35,10,0.0,20.3,0,8,33,14,0,18,33
2001,North Carolina,0,0.7,25,7,0.0,21.4,0,8,24,10,0,19,24
2001,North Dakota,0,0.0,6,4,0.0,0.0,0,0,6,6,0,0,6
2001,Ohio,0,0.6,29,13,0.0,24.8,0,7,27,18,0,23,27
2001,Oklahoma,0,0.5,16,7,0.0,23.5,0,6,15,10,0,21,21
2001,Oregon,0,1.1,17,0,0.0,0.0,0,12,16,0,0,0,16
2001,Pennsylvania,0,0.4,24,15,0.0,24.1,0,5,23,21,0,22,23
2001,Rhode Island,0,0.7,15,10,0.0,0.0,0,8,14,14,0,0,14
2001,South Carolina,0,0.5,13,5,0.0,30.0,0,6,12,7,0,27,27
2001,South Dakota,0,0.0,5,0,0.0,28.7,0,0,5,0,0,26,26
2001,Tennessee,0,0.7,19,11,0.0,28.7,0,8,18,15,0,26,26
2001,Texas,0,0.6,18,6,0.0,47.4,0,7,17,8,0,43,43
2001,Utah,0,0.9,34,5,0.0,0.0,0,10,32,7,0,0,32
2001,Vermont,0,0.5,18,8,0.0,0.0,0,6,17,11,0,0,17
2001,Virginia,0,0.6,23,10,0.0,0.0,0,7,22,14,0,0,22
2001,Washington,0,1.1,28,5,0.0,0.0,0,12,26,7,0,0,26
2001,West Virginia,0,0.6,0,22,0.0,28.6,0,7,0,31,0,26,31
2001,Wisconsin,0,0.4,25,8,0.0,0.0,0,5,24,11,0,0,24
2001,Wyoming,0,0.3,4,0,0.0,0.0,0,3,4,0,0,0,4
2001,Puerto Rico,0,1.6,12,7,0.0,26.9,0,18,11,10,0,24,24
2001,Virgin Islands,0,0.0,0,4,0.0,0.0,0,0,0,6,0,0,6
2001,Country Of Mexico,0,1.1,30,6,0.0,0.0,0,12,28,8,0,0,28
2001,Canada,0,0.0,0,0,0.0,0.0,0,0,0,0,0,0,0
2002,Alabama,0,0.7,11,6,0.0,29.3,0,8,10,8,0,27,27
2002,Alaska,0,1.2,0,0,0.0,0.0,0,14,0,0,0,0,14
2002,Arizona,0,0.9,28,10,0.0,30.4,0,10,26,14,0,28,28
2002,Arkansas,0,0.6,25,4,0.0,0.0,0,7,24,6,0,0,24
2002,California,0,0.6,23,3,0.0,23.0,0,7,22,4,0,21,22
2002,Colorado,0,0.7,23,10,0.0,25.6,0,8,22,14,0,23,23
2002,Connecticut,0,0.8,28,7,0.0,33.2,0,9,26,10,0,30,30
2002,Delaware,0,0.5,27,10,0.0,0.0,0,6,25,14,0,0,25
2002,District Of Columbia,0,1.1,32,12,0.0,0.0,0,12,30,17,0,0,30
2002,Florida,0,0.6,15,8,0.0,19.2,0,7,14,11,0,17,17
2002,Georgia,0,0.5,19,7,0.0,21.8,0,6,18,10,0,20,20
2002,Hawaii,0,0.6,8,16,0.0,0.0,0,7,8,22,0,0,22
2002,Idaho,0,0.6,16,13,0.0,22.9,0,7,15,18,0,21,21
2002,Illinois,0,0.8,27,10,0.0,32.4,0,9,25,14,0,30,30
2002,Indiana,0,0.7,21,12,0.0,26.2,0,8,20,17,0,24,24
2002,Iowa,0,0.5,11,5,0.0,25.3,0,6,10,7,0,23,23
2002,Kansas,0,0.4,14,4,0.0,20.6,0,5,13,6,0,19,19
2002,Kentucky,0,0.4,19,9,0.0,22.7,0,5,18,13,0,21,21
2002,Louisiana,0,0.6,15,8,0.0,0.0,0,7,14,11,0,0,14
2002,Maine,0,0.4,21,5,0.0,16.7,0,5,20,7,0,15,20
2002,Maryland,0,0.5,25,12,0.0,0.0,0,6,24,17,0,0,24
2002,Massachusetts,0,0.5,20,7,0.0,0.0,0,6,19,10,0,0,19
2002,Michigan,0,0.4,27,8,0.0,37.8,0,5,25,11,0,34,34
2002,Minnesota,0,0.4,16,2,0.0,19.6,0,5,15,3,0,18,18
2002,Mississippi,0,0.4,10,4,0.0,0.0,0,5,9,6,0,0,9
2002,Missouri,0,0.5,19,10,0.0,45.8,0,6,18,14,0,42,42
2002,Montana,0,0.7,6,8,0.0,20.4,0,8,6,11,0,19,19
2002,Nebraska,0,0.6,0,1,0.0,0.0,0,7,0,1,0,0,7
2002,Nevada,0,0.6,20,1,0.0,22.2,0,7,19,1,0,20,20
2002,New Hampshire,0,0.4,16,7,0.0,0.0,0,5,15,10,0,0,15
2002,New Jersey,0,0.7,30,8,0.0,0.0,0,8,28,11,0,0,28
2002,New Mexico,0,0.5,14,3,0.0,30.7,0,6,13,4,0,28,28
2002,New York,0,0.6,33,9,0.0,20.9,0,7,31,13,0,19,31
2002,North Carolina,0,0.6,22,9,0.0,20.4,0,7,21,13,0,19,21
2002,North Dakota,0,0.0,5,4,0.0,0.0,0,0,5,6,0,0,6
2002,Ohio,0,0.5,28,13,0.0,23.4,0,6,26,18,0,21,26
2002,Oklahoma,0,0.4,15,6,0.0,24.6,0,5,14,8,0,22,22
2002,Oregon,0,1.1,17,0,0.0,0.0,0,12,16,0,0,0,16
2002,Pennsylvania,0,0.3,22,14,0.0,20.9,0,3,21,19,0,19,21
2002,Rhode Island,0,0.7,14,8,0.0,0.0,0,8,13,11,0,0,13
2002,South Carolina,0,0.5,11,4,0.0,27.2,0,6,10,6,0,25,25
2002,South Dakota,0,0.0,3,1,0.0,32.7,0,0,3,1,0,30,30
2002,Tennessee,0,0.7,17,10,0.0,24.8,0,8,16,14,0,23,23
2002,Texas,0,0.5,17,4,0.0,41.6,0,6,16,6,0,38,38
2002,Utah,0,0.9,33,5,0.0,0.0,0,10,31,7,0,0,31
2002,Vermont,0,0.7,17,8,0.0,0.0,0,8,16,11,0,0,16
2002,Virginia,0,0.5,22,8,0.0,0.0,0,6,21,11,0,0,21
2002,Washington,0,1.0,26,4,0.0,0.0,0,11,25,6,0,0,25
2002,West Virginia,0,1.0,0,20,0.0,26.6,0,11,0,28,0,24,28
2002,Wisconsin,0,0.4,22,6,0.0,0.0,0,5,21,8,0,0,21
2002,Wyoming,0,0.3,4,10,0.0,0.0,0,3,4,14,0,0,14
2002,Puerto Rico,0,1.4,10,10,0.0,31.3,0,16,9,14,0,29,29
2002,Virgin Islands,0,0.0,0,5,0.0,0.0,0,0,0,7,0,0,7
2002,Country Of Mexico,0,1.2,30,6,0.0,0.0,0,14,28,8,0,0,28
2002,Canada,0,0.0,11,5,0.0,0.0,0,0,10,7,0,0,10
2003,Alabama,0,0.4,10,7,0.0,36.8,0,5,9,10,0,34,34
2003,Alaska,0,1.1,0,0,0.0,0.0,0,12,0,0,0,0,12
2003,Arizona,0,0.8,27,10,0.0,27.8,0,9,25,14,0,25,25
2003,Arkansas,0,0.5,22,4,0.0,0.0,0,6,21,6,0,0,21
2003,California,0,0.6,22,3,0.0,19.1,0,7,21,4,0,17,21
2003,Colorado,0,0.7,25,7,0.0,23.3,0,8,24,10,0,21,24
2003,Connecticut,0,0.8,26,7,0.0,40.8,0,9,25,10,0,37,37
2003,Delaware,0,0.5,27,12,0.0,20.9,0,6,25,17,0,19,25
2003,District Of Columbia,0,0.9,32,13,0.0,0.0,0,10,30,18,0,0,30
2003,Florida,0,0.6,15,6,0.0,20.8,0,7,14,8,0,19,19
2003,Georgia,0,0.5,17,6,0.0,22.1,0,6,16,8,0,20,20
2003,Hawaii,0,0.5,8,20,0.0,0.0,0,6,8,28,0,0,28
2003,Idaho,0,0.9,13,19,0.0,21.7,0,10,12,26,0,20,26
2003,Illinois,0,0.7,28,9,0.0,28.2,0,8,26,13,0,26,26
2003,Indiana,0,0.7,21,13,0.0,26.5,0,8,20,18,0,24,24
2003,Iowa,0,0.5,12,6,0.0,25.9,0,6,11,8,0,24,24
2003,Kansas,0,0.3,14,5,0.0,21.7,0,3,13,7,0,20,20
2003,Kentucky,0,0.4,18,8,0.0,24.6,0,5,17,11,0,22,22
2003,Louisiana,0,0.8,15,7,0.0,0.0,0,9,14,10,0,0,14
2003,Maine,0,0.4,19,4,0.0,15.5,0,5,18,6,0,14,18
2003,Maryland,0,0.4,24,12,0.0,16.5,0,5,23,17,0,15,23
2003,Massachusetts,0,0.5,18,7,0.0,0.0,0,6,17,10,0,0,17
2003,Michigan,0,0.4,27,7,0.0,45.0,0,5,25,10,0,41,41
2003,Minnesota,0,0.3,12,3,0.0,25.5,0,3,11,4,0,23,23
2003,Mississippi,0,0.4,6,4,0.0,0.0,0,5,6,6,0,0,6
2003,Missouri,0,0.5,18,10,0.0,39.7,0,6,17,14,0,36,36
2003,Montana,0,0.8,6,7,0.0,20.8,0,9,6,10,0,19,19
2003,Nebraska,0,0.6,0,2,0.0,0.0,0,7,0,3,0,0,7
2003,Nevada,0,0.6,19,1,0.0,22.4,0,7,18,1,0,20,20
2003,New Hampshire,0,0.5,16,9,0.0,0.0,0,6,15,13,0,0,15
2003,New Jersey,0,0.7,30,9,0.0,0.0,0,8,28,13,0,0,28
2003,New Mexico,0,0.5,15,3,0.0,45.4,0,6,14,4,0,41,41
2003,New York,0,0.6,32,9,0.0,21.2,0,7,30,13,0,19,30
2003,North Carolina,0,0.6,23,8,0.0,20.0,0,7,22,11,0,18,22
2003,North Dakota,0,0.0,5,4,0.0,6.5,0,0,5,6,0,6,6
2003,Ohio,0,0.5,27,13,0.0,21.7,0,6,25,18,0,20,25
2003,Oklahoma,0,0.4,14,7,0.0,23.8,0,5,13,10,0,22,22
2003,Oregon,0,1.0,19,2,0.0,0.0,0,11,18,3,0,0,18
2003,Pennsylvania,0,0.3,21,14,0.0,22.1,0,3,20,19,0,20,20
2003,Rhode Island,0,0.6,14,9,0.0,0.0,0,7,13,13,0,0,13
2003,South Carolina,0,0.4,11,4,0.0,26.5,0,5,10,6,0,24,24
2003,South Dakota,0,0.0,13,2,0.0,31.7,0,0,12,3,0,29,29
2003,Tennessee,0,0.8,14,10,0.0,40.3,0,9,13,14,0,37,37
2003,Texas,0,0.5,17,5,0.0,47.0,0,6,16,7,0,43,43
2003,Utah,0,0.8,31,4,0.0,0.0,0,9,29,6,0,0,29
2003,Vermont,0,0.5,20,8,0.0,0.0,0,6,19,11,0,0,19
2003,Virginia,0,0.5,24,8,0.0,0.0,0,6,23,11,0,0,23
2003,Washington,0,1.0,15,4,0.0,0.0,0,11,14,6,0,0,14
2003,West Virginia,0,0.8,25,20,0.0,26.0,0,9,24,28,0,24,28
2003,Wisconsin,0,0.5,14,6,0.0,0.0,0,6,13,8,0,0,13
2003,Wyoming,0,0.2,8,7,0.0,0.0,0,2,8,10,0,0,10
2003,Puerto Rico,0,1.5,10,5,0.0,28.6,0,17,9,7,0,26,26
2003,Virgin Islands,0,0.0,0,5,0.0,0.0,0,0,0,7,0,0,7
2003,Country Of Mexico,0,1.0,30,7,0.0,123.9,0,11,28,10,0,85,85
2003,Canada,0,0.0,12,5,0.0,0.0,0,0,11,7,0,0,11
2004,Alabama,0,0.5,8,5,0.0,33.0,0,6,8,7,0,30,30
2004,Alaska,0,1.1,0,0,0.0,0.0,0,12,0,0,0,0,12
2004,Arizona,0,0.6,24,11,0.0,27.7,0,7,23,15,0,25,25
2004,Arkansas,0,0.4,21,3,0.0,0.0,0,5,20,4,0,0,20
2004,California,0,0.5,21,3,0.0,21.2,0,6,20,4,0,19,20
2004,Colorado,0,0.6,18,6,0.0,25.6,0,7,17,8,0,23,23
2004,Connecticut,0,0.8,25,7,0.0,40.4,0,9,24,10,0,37,37
2004,Delaware,0,0.4,26,10,0.0,19.4,0,5,25,14,0,18,25
2004,District Of Columbia,0,0.7,29,11,0.0,0.0,0,8,27,15,0,0,27
2004,Florida,0,0.6,14,5,0.0,22.9,0,7,13,7,0,21,21
2004,Georgia,0,0.5,18,6,0.0,22.7,0,6,17,8,0,21,21
2004,Hawaii,0,0.6,7,18,0.0,0.0,0,7,7,25,0,0,25
2004,Idaho,0,1.0,14,12,0.0,20.0,0,11,13,17,0,18,18
2004,Illinois,0,0.7,26,9,0.0,29.3,0,8,25,13,0,27,27
2004,Indiana,0,0.7,17,12,0.0,25.9,0,8,16,17,0,24,24
2004,Iowa,0,0.5,10,6,0.0,23.9,0,6,9,8,0,22,22
2004,Kansas,0,0.4,13,3,0.0,18.1,0,5,12,4,0,16,16
2004,Kentucky,0,0.6,16,9,0.0,21.8,0,7,15,13,0,20,20
2004,Louisiana,0,0.7,14,8,0.0,0.0,0,8,13,11,0,0,13
2004,Maine,0,0.3,12,4,0.0,14.9,0,3,11,6,0,14,14
2004,Maryland,0,0.5,26,11,0.0,20.3,0,6,25,15,0,18,25
2004,Massachusetts,0,0.3,15,6,0.0,0.0,0,3,14,8,0,0,14
2004,Michigan,0,0.3,23,8,0.0,36.7,0,3,22,11,0,33,33
2004,Minnesota,0,0.3,10,2,0.0,23.5,0,3,9,3,0,21,21
2004,Mississippi,0,0.4,8,4,0.0,0.0,0,5,8,6,0,0,8
2004,Missouri,0,0.4,18,7,0.0,39.7,0,5,17,10,0,36,36
2004,Montana,0,0.6,2,7,0.0,21.0,0,7,2,10,0,19,19
2004,Nebraska,0,0.5,0,3,0.0,24.7,0,6,0,4,0,22,22
2004,Nevada,0,0.6,19,2,0.0,29.7,0,7,18,3,0,27,27
2004,New Hampshire,0,0.5,11,10,0.0,0.0,0,6,10,14,0,0,14
2004,New Jersey,0,0.6,27,8,0.0,0.0,0,7,25,11,0,0,25
2004,New Mexico,0,0.3,16,3,0.0,31.5,0,3,15,4,0,29,29
2004,New York,0,0.5,30,8,0.0,11.6,0,6,28,11,0,11,28
2004,North Carolina,0,0.6,21,7,0.0,21.0,0,7,20,10,0,19,20
2004,North Dakota,0,0.0,5,4,0.0,13.0,0,0,5,6,0,12,12
2004,Ohio,0,0.5,25,12,0.0,22.5,0,6,24,17,0,20,24
2004,Oklahoma,0,0.2,11,7,0.0,19.9,0,2,10,10,0,18,18
2004,Oregon,0,0.9,14,3,0.0,0.0,0,10,13,4,0,0,13
2004,Pennsylvania,0,0.4,20,13,0.0,21.8,0,5,19,18,0,20,20
2004,Rhode Island,0,0.5,13,9,0.0,0.0,0,6,12,13,0,0,13
2004,South Carolina,0,0.3,13,4,0.0,28.0,0,3,12,6,0,26,26
2004,South Dakota,0,0.0,11,1,0.0,34.5,0,0,10,1,0,31,31
2004,Tennessee,0,0.6,17,10,0.0,41.0,0,7,16,14,0,37,37
2004,Texas,0,0.5,15,5,0.0,37.6,0,6,14,7,0,34,34
2004,Utah,0,0.8,30,5,0.0,0.0,0,9,28,7,0,0,28
2004,Vermont,0,0.5,19,6,0.0,0.0,0,6,18,8,0,0,18
2004,Virginia,0,0.4,21,7,0.0,0.0,0,5,20,10,0,0,20
2004,Washington,0,1.0,18,4,0.0,20.6,0,11,17,6,0,19,19
2004,West Virginia,0,0.6,25,20,0.0,25.6,0,7,24,28,0,23,28
2004,Wisconsin,0,0.5,11,6,0.0,20.2,0,6,10,8,0,18,18
2004,Wyoming,0,0.3,9,6,0.0,4.3,0,3,8,8,0,4,8
2004,Puerto Rico,0,1.6,11,6,0.0,27.9,0,18,10,8,0,25,25
2004,Virgin Islands,0,0.0,0,4,0.0,0.0,0,0,0,6,0,0,6
2004,Country Of Mexico,0,0.9,29,4,0.0,72.4,0,10,27,6,0,60,60
2004,Canada,0,0.0,9,6,0.0,0.0,0,0,8,8,0,0,8
2005,Alabama,0,0.7,9,6,0.0,33.5,0,8,8,8,0,31,31
2005,Alaska,0,1.0,0,0,0.0,0.0,0,11,0,0,0,0,11
2005,Arizona,0,0.6,23,8,0.0,47.2,0,7,22,11,0,43,43
2005,Arkansas,0,0.4,21,3,0.0,0.0,0,5,20,4,0,0,20
2005,California,0,0.5,20,3,0.0,20.5,0,6,19,4,0,19,19
2005,Colorado,0,0.6,19,5,0.0,28.1,0,7,18,7,0,26,26
2005,Connecticut,0,0.8,26,7,0.0,0.0,0,9,25,10,0,0,25
2005,Delaware,0,0.5,25,12,0.0,22.1,0,6,24,17,0,20,24
2005,District Of Columbia,0,0.9,28,8,0.0,0.0,0,10,26,11,0,0,26
2005,Florida,0,0.5,14,5,0.0,21.6,0,6,13,7,0,20,20
2005,Georgia,0,0.5,17,7,0.0,24.6,0,6,16,10,0,22,22
2005,Hawaii,0,0.5,7,22,0.0,0.0,0,6,7,31,0,0,31
2005,Idaho,0,0.9,11,7,0.0,21.2,0,10,10,10,0,19,19
2005,Illinois,0,0.6,27,9,0.0,29.3,0,7,25,13,0,27,27
2005,Indiana,0,0.6,18,12,0.0,28.3,0,7,17,17,0,26,26
2005,Iowa,0,0.3,12,7,0.0,23.0,0,3,11,10,0,21,21
2005,Kansas,0,0.5,14,2,0.0,19.8,0,6,13,3,0,18,18
2005,Kentucky,0,0.5,17,10,0.0,24.1,0,6,16,14,0,22,22
2005,Louisiana,0,0.6,15,8,0.0,0.0,0,7,14,11,0,0,14
2005,Maine,0,0.2,12,4,0.0,14.5,0,2,11,6,0,13,13
2005,Maryland,0,0.4,22,12,0.0,22.0,0,5,21,17,0,20,21
2005,Massachusetts,0,0.4,16,7,0.0,0.0,0,5,15,10,0,0,15
2005,Michigan,0,0.3,25,8,0.0,34.1,0,3,24,11,0,31,31
2005,Minnesota,0,0.3,15,2,0.0,22.1,0,3,14,3,0,20,20
2005,Mississippi,0,0.4,9,4,0.0,0.0,0,5,8,6,0,0,8
2005,Missouri,0,0.4,19,9,0.0,44.6,0,5,18,13,0,41,41
2005,Montana,0,0.6,7,9,0.0,22.3,0,7,7,13,0,20,20
2005,Nebraska,0,0.5,0,4,0.0,31.3,0,6,0,6,0,29,29
2005,Nevada,0,0.6,20,5,0.0,26.7,0,7,19,7,0,24,24
2005,New Hampshire,0,0.6,11,10,0.0,0.0,0,7,10,14,0,0,14
2005,New Jersey,0,0.6,28,8,0.0,0.0,0,7,26,11,0,0,26
2005,New Mexico,0,0.4,16,2,0.0,36.8,0,5,15,3,0,34,34
2005,New York,0,0.5,31,7,0.0,13.0,0,6,29,10,0,12,29
2005,North Carolina,0,0.6,20,7,0.0,20.8,0,7,19,10,0,19,19
2005,North Dakota,0,0.0,5,3,0.0,10.7,0,0,5,4,0,10,10
2005,Ohio,0,0.5,27,13,0.0,26.3,0,6,25,18,0,24,25
2005,Oklahoma,0,0.2,15,7,0.0,26.0,0,2,14,10,0,24,24
2005,Oregon,0,0.9,16,3,0.0,0.0,0,10,15,4,0,0,15
2005,Pennsylvania,0,0.3,21,13,0.0,23.1,0,3,20,18,0,21,21
2005,Rhode Island,0,0.5,13,8,0.0,0.0,0,6,12,11,0,0,12
2005,South Carolina,0,0.3,12,5,0.0,27.9,0,3,11,7,0,25,25
2005,South Dakota,0,0.0,4,1,0.0,24.0,0,0,4,1,0,22,22
2005,Tennessee,0,0.6,14,9,0.0,34.1,0,7,13,13,0,31,31
2005,Texas,0,0.4,16,5,0.0,36.7,0,5,15,7,0,33,33
2005,Utah,0,0.8,29,5,0.0,0.0,0,9,27,7,0,0,27
2005,Vermont,0,0.5,18,9,0.0,0.0,0,6,17,13,0,0,17
2005,Virginia,0,0.4,22,8,0.0,0.0,0,5,21,11,0,0,21
2005,Washington,0,0.9,19,5,0.0,21.1,0,10,18,7,0,19,19
2005,West Virginia,0,0.4,26,20,0.0,22.6,0,5,25,28,0,21,28
2005,Wisconsin,0,0.4,13,8,0.0,20.0,0,5,12,11,0,18,18
2005,Wyoming,0,0.2,9,4,0.0,9.2,0,2,8,6,0,8,8
2005,Puerto Rico,0,1.3,12,5,0.0,28.1,0,15,11,7,0,26,26
2005,Virgin Islands,0,0.0,0,3,0.0,0.0,0,0,0,4,0,0,4
2005,Country Of Mexico,0,0.8,29,3,0.0,78.8,0,9,27,4,0,63,63
2005,Canada,0,0.0,7,3,0.0,0.0,0,0,7,4,0,0,7
2006,Alabama,0,0.7,0,5,0.0,31.8,0,8,0,7,0,29,29
2006,Alaska,0,0.9,0,0,0.0,0.0,0,10,0,0,0,0,10
2006,Arizona,0,0.6,23,8,0.0,51.9,0,7,22,11,0,47,47
2006,Arkansas,0,0.6,19,4,0.0,0.0,0,7,18,6,0,0,18
2006,California,0,0.5,20,3,0.0,27.2,0,6,19,4,0,25,25
2006,Colorado,0,0.5,19,6,0.0,28.3,0,6,18,8,0,26,26
2006,Connecticut,0,0.7,22,5,0.0,0.0,0,8,21,7,0,0,21
2006,Delaware,0,0.4,26,10,0.0,22.1,0,5,25,14,0,20,25
2006,District Of Columbia,0,0.9,25,8,0.0,0.0,0,10,24,11,0,0,24
2006,Florida,0,0.5,13,4,0.0,21.9,0,6,12,6,0,20,20
2006,Georgia,0,0.5,17,7,0.0,22.5,0,6,16,10,0,20,20
2006,Hawaii,0,0.4,7,24,0.0,0.0,0,5,7,33,0,0,33
2006,Idaho,0,0.6,11,9,0.0,18.1,0,7,10,13,0,16,16
2006,Illinois,0,0.5,26,8,0.0,26.5,0,6,25,11,0,24,25
2006,Indiana,0,0.6,15,11,0.0,23.9,0,7,14,15,0,22,22
2006,Iowa,0,0.3,15,6,0.0,14.2,0,3,14,8,0,13,14
2006,Kansas,0,0.4,13,2,0.0,22.1,0,5,12,3,0,20,20
2006,Kentucky,0,0.7,17,8,0.0,22.1,0,8,16,11,0,20,20
2006,Louisiana,0,0.5,14,6,0.0,0.0,0,6,13,8,0,0,13
2006,Maine,0,0.2,8,3,0.0,15.5,0,2,8,4,0,14,14
2006,Maryland,0,0.5,21,8,0.0,0.0,0,6,20,11,0,0,20
2006,Massachusetts,0,0.4,15,5,0.0,0.0,0,5,14,7,0,0,14
2006,Michigan,0,0.3,21,8,0.0,29.6,0,3,20,11,0,27,27
2006,Minnesota,0,0.2,15,2,0.0,21.8,0,2,14,3,0,20,20
2006,Mississippi,0,0.0,14,6,0.0,0.0,0,0,13,8,0,0,13
2006,Missouri,0,0.4,17,10,0.0,44.2,0,5,16,14,0,40,40
2006,Montana,0,0.6,4,6,0.0,25.2,0,7,4,8,0,23,23
2006,Nebraska,0,0.5,0,3,0.0,31.9,0,6,0,4,0,29,29
2006,Nevada,0,0.6,19,1,0.0,27.5,0,7,18,1,0,25,25
2006,New Hampshire,0,0.5,8,9,0.0,0.0,0,6,8,13,0,0,13
2006,New Jersey,0,0.5,26,6,0.0,0.0,0,6,25,8,0,0,25
2006,New Mexico,0,0.3,16,2,0.0,35.1,0,3,15,3,0,32,32
2006,New York,0,0.4,28,6,0.0,12.2,0,5,26,8,0,11,26
2006,North Carolina,0,0.6,19,6,0.0,19.9,0,7,18,8,0,18,18
2006,North Dakota,0,0.0,5,2,0.0,12.6,0,0,5,3,0,11,11
2006,Ohio,0,0.4,24,11,0.0,21.8,0,5,23,15,0,20,23
2006,Oklahoma,0,0.3,12,6,0.0,24.1,0,3,11,8,0,22,22
2006,Oregon,0,0.7,16,2,0.0,0.0,0,8,15,3,0,0,15
2006,Pennsylvania,0,0.3,19,11,0.0,21.0,0,3,18,15,0,19,19
2006,Rhode Island,0,0.5,12,6,0.0,0.0,0,6,11,8,0,0,11
2006,South Carolina,0,0.3,11,4,0.0,24.7,0,3,10,6,0,22,22
2006,South Dakota,0,0.0,4,1,0.0,17.9,0,0,4,1,0,16,16
2006,Tennessee,0,0.6,14,9,0.0,35.9,0,7,13,13,0,33,33
2006,Texas,0,0.4,15,4,0.0,43.2,0,5,14,6,0,39,39
2006,Utah,0,0.7,28,4,0.0,0.0,0,8,26,6,0,0,26
2006,Vermont,0,0.4,16,8,0.0,0.0,0,5,15,11,0,0,15
2006,Virginia,0,0.5,20,7,0.0,0.0,0,6,19,10,0,0,19
2006,Washington,0,0.8,18,3,0.0,19.7,0,9,17,4,0,18,18
2006,West Virginia,0,0.4,0,19,0.0,22.6,0,5,0,26,0,21,26
2006,Wisconsin,0,0.4,13,7,0.0,14.7,0,5,12,10,0,13,13
2006,Wyoming,0,0.1,10,4,0.0,16.5,0,1,9,6,0,15,15
2006,Puerto Rico,0,1.2,12,5,0.0,26.2,0,14,11,7,0,24,24
2006,Virgin Islands,0,0.0,0,3,0.0,0.0,0,0,0,4,0,0,4
2006,Country Of Mexico,0,0.7,28,3,0.0,79.9,0,8,26,4,0,63,63
2006,Canada,0,0.0,0,0,0.0,0.0,0,0,0,0,0,0,0
2007,Alabama,0,0.6,0,6,0.0,36.8,0,7,0,8,0,34,34
2007,Alaska,0,0.8,0,0,0.0,0.0,0,9,0,0,0,0,9
2007,Arizona,0,0.5,27,8,0.0,49.6,0,6,25,11,0,45,45
2007,Arkansas,0,0.6,18,4,0.0,0.0,0,7,17,6,0,0,17
2007,California,0,0.4,20,2,0.0,30.5,0,5,19,3,0,28,28
2007,Colorado,0,0.5,19,5,0.0,26.5,0,6,18,7,0,24,24
2007,Connecticut,0,0.5,20,4,0.0,0.0,0,6,19,6,0,0,19
2007,Delaware,0,0.3,25,8,0.0,22.7,0,3,24,11,0,21,24
2007,District Of Columbia,0,0.9,25,8,0.0,0.0,0,10,24,11,0,0,24
2007,Florida,0,0.5,12,4,0.0,20.8,0,6,11,6,0,19,19
2007,Georgia,0,0.4,15,6,0.0,26.8,0,5,14,8,0,24,24
2007,Hawaii,0,0.4,7,20,0.0,0.0,0,5,7,28,0,0,28
2007,Idaho,0,0.6,6,9,0.0,19.0,0,7,6,13,0,17,17
2007,Illinois,0,0.4,26,8,0.0,30.7,0,5,25,11,0,28,28
2007,Indiana,0,0.5,15,10,0.0,25.6,0,6,14,14,0,23,23
2007,Iowa,0,0.3,14,5,0.0,29.5,0,3,13,7,0,27,27
2007,Kansas,0,0.4,12,3,0.0,21.1,0,5,11,4,0,19,19
2007,Kentucky,0,0.6,15,9,0.0,23.6,0,7,14,13,0,21,21
2007,Louisiana,0,0.4,14,10,0.0,0.0,0,5,13,14,0,0,14
2007,Maine,0,0.2,3,1,0.0,16.3,0,2,3,1,0,15,15
2007,Maryland,0,0.4,22,8,0.0,0.0,0,5,21,11,0,0,21
2007,Massachusetts,0,0.4,16,6,0.0,0.0,0,5,15,8,0,0,15
2007,Michigan,0,0.3,22,7,0.0,31.1,0,3,21,10,0,28,28
2007,Minnesota,0,0.2,14,2,0.0,21.3,0,2,13,3,0,19,19
2007,Mississippi,0,0.0,11,5,0.0,0.0,0,0,10,7,0,0,10
2007,Missouri,0,0.4,16,9,0.0,33.6,0,5,15,13,0,31,31
2007,Montana,0,0.5,7,7,0.0,25.6,0,6,7,10,0,23,23
2007,Nebraska,0,0.5,0,3,0.0,29.8,0,6,0,4,0,27,27
2007,Nevada,0,0.5,19,1,0.0,25.4,0,6,18,1,0,23,23
2007,New Hampshire,0,0.5,9,11,0.0,0.0,0,6,8,15,0,0,15
2007,New Jersey,0,0.4,24,5,0.0,0.0,0,5,23,7,0,0,23
2007,New Mexico,0,0.3,15,2,0.0,31.2,0,3,14,3,0,28,28
2007,New York,0,0.5,26,6,0.0,12.6,0,6,25,8,0,11,25
2007,North Carolina,0,0.5,21,6,0.0,19.5,0,6,20,8,0,18,20
2007,North Dakota,0,0.0,5,3,0.0,12.2,0,0,5,4,0,11,11
2007,Ohio,0,0.4,21,10,0.0,23.4,0,5,20,14,0,21,21
2007,Oklahoma,0,0.2,11,5,0.0,22.9,0,2,10,7,0,21,21
2007,Oregon,0,0.6,15,2,0.0,0.0,0,7,14,3,0,0,14
2007,Pennsylvania,0,0.3,18,11,0.0,20.6,0,3,17,15,0,19,19
2007,Rhode Island,0,0.5,10,7,0.0,0.0,0,6,9,10,0,0,10
2007,South Carolina,0,0.2,10,4,0.0,21.7,0,2,9,6,0,20,20
2007,South Dakota,0,0.0,3,1,0.0,19.3,0,0,3,1,0,18,18
2007,Tennessee,0,0.5,14,9,0.0,35.6,0,6,13,13,0,32,32
2007,Texas,0,0.3,15,3,0.0,31.8,0,3,14,4,0,29,29
2007,Utah,0,0.7,29,4,0.0,0.0,0,8,27,6,0,0,27
2007,Vermont,0,0.5,16,8,0.0,0.0,0,6,15,11,0,0,15
2007,Virginia,0,0.4,17,7,0.0,0.0,0,5,16,10,0,0,16
2007,Washington,0,0.6,13,3,0.0,19.7,0,7,12,4,0,18,18
2007,West Virginia,0,0.4,0,19,0.0,24.6,0,5,0,26,0,22,26
2007,Wisconsin,0,0.2,12,7,0.0,17.2,0,2,11,10,0,16,16
2007,Wyoming,0,0.2,7,2,0.0,18.4,0,2,7,3,0,17,17
2007,Puerto Rico,0,1.0,11,4,0.0,26.5,0,11,10,6,0,24,24
2007,Virgin Islands,0,0.0,0,3,0.0,0.0,0,0,0,4,0,0,4
2007,Country Of Mexico,0,0.7,28,3,0.0,85.3,0,8,26,4,0,66,66
2008,Alabama,0,0.6,0,7,0.0,28.8,0,7,0,10,0,26,26
2008,Alaska,0,0.9,0,0,0.0,0.0,0,10,0,0,0,0,10
2008,Arizona,0,0.4,26,11,0.0,42.3,0,5,25,15,0,39,39
2008,Arkansas,0,0.4,16,3,0.0,0.0,0,5,15,4,0,0,15
2008,California,0,0.4,19,2,20.8,33.0,0,5,18,3,73,30,73
2008,Colorado,0,0.4,17,5,0.0,27.1,0,5,16,7,0,25,25
2008,Connecticut,0,0.5,18,3,0.0,0.0,0,6,17,4,0,0,17
2008,Delaware,0,0.3,24,7,0.0,19.3,0,3,23,10,0,18,23
2008,District Of Columbia,0,0.9,24,8,0.0,0.0,0,10,23,11,0,0,23
2008,Florida,0,0.5,11,3,0.0,19.6,0,6,10,4,0,18,18
2008,Georgia,0,0.4,14,6,0.0,22.2,0,5,13,8,0,20,20
2008,Hawaii,0,0.4,6,35,8.8,0.0,0,5,6,49,49,0,49
2008,Idaho,0,0.7,6,9,0.0,22.1,0,8,6,13,0,20,20
2008,Illinois,0,0.4,27,7,0.0,27.6,0,5,25,10,0,25,25
2008,Indiana,0,0.5,15,10,13.4,23.9,0,6,14,14,59,22,59
2008,Iowa,0,0.3,14,5,0.0,22.5,0,3,13,7,0,20,20
2008,Kansas,0,0.4,12,3,0.0,20.4,0,5,11,4,0,19,19
2008,Kentucky,0,0.4,14,7,0.0,19.9,0,5,13,10,0,18,18
2008,Louisiana,0,0.3,13,9,0.0,0.0,0,3,12,13,0,0,13
2008,Maine,0,0.2,11,2,0.0,14.7,0,2,10,3,0,13,13
2008,Maryland,0,0.3,21,6,12.2,0.0,0,3,20,8,57,0,57
2008,Massachusetts,0,0.3,16,5,0.0,0.0,0,3,15,7,0,0,15
2008,Michigan,0,0.3,20,7,0.0,26.0,0,3,19,10,0,24,24
2008,Minnesota,0,0.2,13,2,0.0,20.3,0,2,12,3,0,18,18
2008,Mississippi,0,0.0,11,5,0.0,0.0,0,0,10,7,0,0,10
2008,Missouri,0,0.3,15,11,0.0,26.2,0,3,14,15,0,24,24
2008,Montana,0,0.4,3,7,8.1,23.4,0,5,3,10,45,21,45
2008,Nebraska,0,0.5,0,2,0.0,32.2,0,6,0,3,0,29,29
2008,Nevada,0,0.5,23,0,0.0,19.1,0,6,22,0,0,17,22
2008,New Hampshire,0,0.5,9,10,8.6,0.0,0,6,8,14,48,0,48
2008,New Jersey,0,0.4,23,4,0.0,0.0,0,5,22,6,0,0,22
2008,New Mexico,0,0.3,14,1,0.0,37.3,0,3,13,1,0,34,34
2008,New York,0,0.4,25,5,0.0,12.0,0,5,24,7,0,11,24
2008,North Carolina,0,0.5,18,5,0.0,17.3,0,6,17,7,0,16,17
2008,North Dakota,0,0.2,5,2,0.0,12.6,0,2,5,3,0,11,11
2008,Ohio,0,0.4,19,9,0.0,21.4,0,5,18,13,0,19,19
2008,Oklahoma,0,0.2,10,6,0.0,19.7,0,2,9,8,0,18,18
2008,Oregon,0,0.5,17,1,0.0,0.0,0,6,16,1,0,0,16
2008,Pennsylvania,0,0.2,17,10,0.0,19.2,0,2,16,14,0,17,17
2008,Rhode Island,0,0.2,10,4,4.1,0.0,0,2,9,6,23,0,23
2008,South Carolina,0,0.4,12,3,0.0,19.9,0,5,11,4,0,18,18
2008,South Dakota,0,0.0,4,1,0.0,18.8,0,0,4,1,0,17,17
2008,Tennessee,0,0.4,12,9,0.0,32.1,0,5,11,13,0,29,29
2008,Texas,0,0.3,14,3,0.0,28.7,0,3,13,4,0,26,26
2008,Utah,0,0.5,25,4,0.0,0.0,0,6,24,6,0,0,24
2008,Vermont,0,0.4,15,6,0.0,0.0,0,5,14,8,0,0,14
2008,Virginia,0,0.3,15,6,0.0,0.0,0,3,14,8,0,0,14
2008,Washington,0,0.4,15,1,0.0,23.3,0,5,14,1,0,21,21
2008,West Virginia,0,0.4,0,17,0.0,19.2,0,5,0,24,0,17,24
2008,Wisconsin,0,0.1,11,7,0.0,14.6,0,1,10,10,0,13,13
2008,Wyoming,0,0.1,7,3,0.0,15.6,0,1,7,4,0,14,14
2008,Puerto Rico,0,1.1,0,3,0.0,23.6,0,12,0,4,0,21,21
2008,Virgin Islands,0,0.0,0,4,0.0,25.4,0,0,0,6,0,23,23
2008,Country Of Mexico,0,0.7,29,2,0.0,57.8,0,8,27,3,0,52,52
2009,Alabama,0,0.5,0,4,8.8,21.7,0,6,0,6,49,20,49
2009,Alaska,0,0.8,0,0,6.6,17.6,0,9,0,0,37,16,37
2009,Arizona,0,0.4,24,9,0.0,36.3,0,5,23,13,0,33,33
2009,Arkansas,0,0.4,15,3,0.0,0.0,0,5,14,4,0,0,14
2009,California,0,0.4,18,2,13.6,28.3,0,5,17,3,59,26,59
2009,Colorado,0,0.4,18,5,0.0,22.8,0,5,17,7,0,21,21
2009,Connecticut,0,0.4,16,3,0.0,0.0,0,5,15,4,0,0,15
2009,Delaware,0,0.3,23,5,0.0,16.8,0,3,22,7,0,15,22
2009,District Of Columbia,0,0.9,23,7,0.0,0.0,0,10,22,10,0,0,22
2009,Florida,0,0.4,10,3,5.5,17.7,0,5,9,4,31,16,31
2009,Georgia,0,0.3,13,4,0.0,17.9,0,3,12,6,0,16,16
2009,Hawaii,0,0.3,7,40,7.0,0.0,0,3,7,56,39,0,56
2009,Idaho,0,0.4,12,5,12.3,19.6,0,5,11,7,57,18,57
2009,Illinois,0,0.4,25,5,0.0,21.9,0,5,24,7,0,20,24
2009,Indiana,0,0.6,15,7,13.4,20.3,0,7,14,10,59,18,59
2009,Iowa,0,0.2,13,2,0.0,19.9,0,2,12,3,0,18,18
2009,Kansas,0,0.3,10,3,0.0,19.2,0,3,9,4,0,17,17
2009,Kentucky,0,0.5,13,5,0.0,18.4,0,6,12,7,0,17,17
2009,Louisiana,0,0.2,13,9,0.0,18.3,0,2,12,13,0,17,17
2009,Maine,0,0.2,10,2,0.0,15.8,0,2,9,3,0,14,14
2009,Maryland,0,0.3,22,5,10.8,0.0,0,3,21,7,54,0,54
2009,Massachusetts,0,0.3,15,3,0.0,0.0,0,3,14,4,0,0,14
2009,Michigan,0,0.3,20,5,0.0,20.5,0,3,19,7,0,19,19
2009,Minnesota,0,0.2,12,1,0.0,21.1,0,2,11,1,0,19,19
2009,Mississippi,0,0.0,8,3,0.0,0.0,0,0,8,4,0,0,8
2009,Missouri,0,0.3,13,10,9.5,23.6,0,3,12,14,52,21,52
2009,Montana,0,0.4,3,6,7.7,22.3,0,5,3,8,43,20,43
2009,Nebraska,0,0.5,0,3,11.2,24.5,0,6,0,4,55,22,55
2009,Nevada,0,0.5,21,0,0.0,21.7,0,6,20,0,0,20,20
2009,New Hampshire,0,0.4,7,12,8.6,0.0,0,5,7,17,48,0,48
2009,New Jersey,0,0.4,22,3,0.0,0.0,0,5,21,4,0,0,21
2009,New Mexico,0,0.4,13,1,0.0,30.8,0,5,12,1,0,28,28
2009,New York,0,0.3,19,3,0.0,9.0,0,3,18,4,0,8,18
2009,North Carolina,0,0.4,18,3,9.2,14.5,0,5,17,4,51,13,51
2009,North Dakota,0,0.2,5,3,6.3,10.2,0,2,5,4,35,9,35
2009,Ohio,0,0.3,16,7,10.8,19.4,0,3,15,10,54,18,54
2009,Oklahoma,0,0.2,9,4,11.1,21.3,0,2,8,6,55,19,55
2009,Oregon,0,0.4,15,2,0.0,0.0,0,5,14,3,0,0,14
2009,Pennsylvania,0,0.2,16,8,12.5,17.1,0,2,15,11,57,16,57
2009,Rhode Island,0,0.2,9,3,6.1,0.0,0,2,8,4,34,0,34
2009,South Carolina,0,0.2,10,2,0.0,18.4,0,2,9,3,0,17,17
2009,South Dakota,0,0.2,3,1,6.5,14.8,0,2,3,1,36,13,36
2009,Tennessee,0,0.3,11,7,0.0,20.0,0,3,10,10,0,18,18
2009,Texas,0,0.2,12,2,0.0,24.4,0,2,11,3,0,22,22
2009,Utah,0,0.5,19,4,4.1,0.0,0,6,18,6,23,0,23
2009,Vermont,0,0.4,13,5,0.0,0.0,0,5,12,7,0,0,12
2009,Virginia,0,0.3,15,5,0.0,0.0,0,3,14,7,0,0,14
2009,Washington,0,0.4,10,2,0.0,19.5,0,5,9,3,0,18,18
2009,West Virginia,0,0.4,0,13,0.0,16.9,0,5,0,18,0,15,18
2009,Wisconsin,0,0.1,11,6,0.0,14.0,0,1,10,8,0,13,13
2009,Wyoming,0,0.2,5,2,4.2,14.2,0,2,5,3,23,13,23
2009,Puerto Rico,0,1.0,0,4,0.0,24.0,0,11,0,6,0,22,22
2009,Virgin Islands,0,0.0,0,2,0.0,26.1,0,0,0,3,0,24,24
2009,Country Of Mexico,0,0.7,30,4,0.0,0.0,0,8,28,6,0,0,28
2010,Alabama,0,0.4,0,4,12.7,24.4,0,5,0,6,58,22,58
2010,Alaska,0,1.0,0,0,5.8,16.3,0,11,0,0,32,15,32
2010,Arizona,0,0.4,24,9,9.1,29.7,0,5,23,13,51,27,51
2010,Arkansas,0,0.5,17,2,0.0,0.0,0,6,16,3,0,0,16
2010,California,0,0.4,17,1,11.0,26.1,0,5,16,1,55,24,55
2010,Colorado,0,0.4,13,4,8.1,24.9,0,5,12,6,45,23,45
2010,Connecticut,0,0.4,13,2,0.0,0.0,0,5,12,3,0,0,12
2010,Delaware,0,0.4,20,3,12.0,0.0,0,5,19,4,56,0,56
2010,District Of Columbia,0,0.9,23,5,0.0,0.0,0,10,22,7,0,0,22
2010,Florida,0,0.3,11,3,8.5,17.9,0,3,10,4,47,16,47
2010,Georgia,0,0.3,11,4,0.0,18.1,0,3,10,6,0,16,16
2010,Hawaii,0,0.3,5,43,7.3,0.0,0,3,5,59,41,0,59
2010,Idaho,0,0.3,12,5,11.0,16.7,0,3,11,7,55,15,55
2010,Illinois,0,0.4,23,5,0.0,24.7,0,5,22,7,0,22,22
2010,Indiana,0,0.6,18,7,14.2,22.8,0,7,17,10,61,21,61
2010,Iowa,0,0.2,13,3,0.0,21.7,0,2,12,4,0,20,20
2010,Kansas,0,0.4,11,3,0.0,20.8,0,5,10,4,0,19,19
2010,Kentucky,0,0.4,12,6,11.4,21.4,0,5,11,8,55,19,55
2010,Louisiana,0,0.2,12,7,0.0,23.9,0,2,11,10,0,22,22
2010,Maine,0,0.2,10,1,0.0,15.2,0,2,9,1,0,14,14
2010,Maryland,0,0.3,23,3,12.0,0.0,0,3,22,4,56,0,56
2010,Massachusetts,0,0.3,14,3,0.0,0.0,0,3,13,4,0,0,13
2010,Michigan,0,0.3,11,5,12.1,21.0,0,3,10,7,57,19,57
2010,Minnesota,0,0.3,11,1,0.0,24.2,0,3,10,1,0,22,22
2010,Mississippi,0,0.2,10,3,0.0,0.0,0,2,9,4,0,0,9
2010,Missouri,0,0.3,13,9,10.8,25.3,0,3,12,13,54,23,54
2010,Montana,0,0.4,3,4,7.9,19.8,0,5,3,6,44,18,44
2010,Nebraska,0,0.5,0,2,11.0,30.5,0,6,0,3,55,28,55
2010,Nevada,0,0.4,19,1,7.2,17.8,0,5,18,1,40,16,40
2010,New Hampshire,0,0.5,6,10,7.1,0.0,0,6,6,14,39,0,39
2010,New Jersey,0,0.3,20,3,0.0,0.0,0,3,19,4,0,0,19
2010,New Mexico,0,0.3,13,2,0.0,29.5,0,3,12,3,0,27,27
2010,New York,0,0.4,18,3,0.0,0.0,0,5,17,4,0,0,17
2010,North Carolina,0,0.4,17,3,10.5,17.1,0,5,16,4,54,16,54
2010,North Dakota,0,0.2,5,3,8.5,11.1,0,2,5,4,47,10,47
2010,Ohio,0,0.4,15,7,12.0,22.5,0,5,14,10,56,20,56
2010,Oklahoma,0,0.3,11,4,14.2,19.5,0,3,10,6,61,18,61
2010,Oregon,0,0.4,14,2,0.0,0.0,0,5,13,3,0,0,13
2010,Pennsylvania,0,0.3,16,7,11.8,18.8,0,3,15,10,56,17,56
2010,Rhode Island,0,0.2,8,2,6.3,0.0,0,2,8,3,35,0,35
2010,South Carolina,0,0.2,13,3,0.0,18.6,0,2,12,4,0,17,17
2010,South Dakota,0,0.1,5,1,7.1,17.1,0,1,5,1,39,16,39
2010,Tennessee,0,0.4,12,7,13.5,20.3,0,5,11,10,59,18,59
2010,Texas,0,0.2,12,2,0.0,25.1,0,2,11,3,0,23,23
2010,Utah,0,0.4,16,3,4.0,0.0,0,5,15,4,22,0,22
2010,Vermont,0,0.4,13,4,0.0,0.0,0,5,12,6,0,0,12
2010,Virginia,0,0.2,14,4,0.0,0.0,0,2,13,6,0,0,13
2010,Washington,0,0.3,9,1,10.2,15.9,0,3,8,1,53,14,53
2010,West Virginia,0,0.4,0,10,0.0,17.7,0,5,0,14,0,16,16
2010,Wisconsin,0,0.1,8,6,10.2,16.3,0,1,8,8,53,15,53
2010,Wyoming,0,0.2,5,3,3.9,13.6,0,2,5,4,22,12,22
2010,Puerto Rico,0,0.8,0,3,0.0,25.4,0,9,0,4,0,23,23
2010,Virgin Islands,0,0.0,0,2,0.0,0.0,0,0,0,3,0,0,3
2010,Country Of Mexico,0,0.6,25,3,0.0,0.0,0,7,24,4,0,0,24
2011,Alabama,0,0.3,0,4,0.0,21.4,0,3,0,6,0,19,19
2011,Alaska,0,0.6,0,11,5.2,14.9,0,7,0,15,29,14,29
2011,Arizona,0,0.4,25,8,10.1,35.0,0,5,24,11,53,32,53
2011,Arkansas,0,0.4,16,2,0.0,0.0,0,5,15,3,0,0,15
2011,California,0,0.4,16,1,11.1,27.3,0,5,15,1,55,25,55
2011,Colorado,0,0.3,12,4,9.8,23.5,0,3,11,6,52,21,52
2011,Connecticut,0,0.3,16,2,0.0,0.0,0,3,15,3,0,0,15
2011,Delaware,0,0.3,17,3,12.0,0.0,0,3,16,4,56,0,56
2011,District Of Columbia,0,0.7,22,3,10.9,0.0,0,8,21,4,54,0,54
2011,Florida,0,0.2,10,3,7.9,18.0,0,2,9,4,44,16,44
2011,Georgia,0,0.3,11,4,12.4,20.5,0,3,10,6,57,19,57
2011,Hawaii,0,0.4,6,17,6.3,16.3,0,5,6,24,35,15,35
2011,Idaho,0,0.3,15,8,9.9,18.5,0,3,14,11,52,17,52
2011,Illinois,0,0.4,22,4,0.0,25.3,0,5,21,6,0,23,23
2011,Indiana,0,0.5,15,6,13.1,24.8,0,6,14,8,58,23,58
2011,Iowa,0,0.2,12,3,0.0,0.0,0,2,11,4,0,0,11
2011,Kansas,0,0.3,12,3,0.0,22.1,0,3,11,4,0,20,20
2011,Kentucky,0,0.5,11,5,11.0,19.4,0,6,10,7,55,18,55
2011,Louisiana,0,0.2,12,10,12.6,23.9,0,2,11,14,58,22,58
2011,Maine,0,0.2,9,1,0.0,14.1,0,2,8,1,0,13,13
2011,Maryland,0,0.3,22,3,11.3,0.0,0,3,21,4,55,0,55
2011,Massachusetts,0,0.3,16,3,0.0,0.0,0,3,15,4,0,0,15
2011,Michigan,0,0.4,16,5,6.5,21.1,0,5,15,7,36,19,36
2011,Minnesota,0,0.1,12,1,8.6,22.7,0,1,11,1,48,21,48
2011,Mississippi,0,0.2,9,2,13.3,0.0,0,2,8,3,59,0,59
2011,Missouri,0,0.3,21,11,11.0,24.1,0,3,20,15,55,22,55
2011,Montana,0,0.3,4,3,8.2,21.3,0,3,4,4,46,19,46
2011,Nebraska,0,0.3,0,4,11.1,32.1,0,3,0,6,55,29,55
2011,Nevada,0,0.4,19,1,6.7,19.9,0,5,18,1,37,18,37
2011,New Hampshire,0,0.3,3,6,7.7,0.0,0,3,3,8,43,0,43
2011,New Jersey,0,0.4,24,4,0.0,0.0,0,5,23,6,0,0,23
2011,New Mexico,0,0.4,13,2,0.0,33.3,0,5,12,3,0,30,30
2011,New York,0,0.3,16,2,0.0,0.0,0,3,15,3,0,0,15
2011,North Carolina,0,0.4,15,2,10.6,14.3,0,5,14,3,54,13,54
2011,North Dakota,0,0.2,5,2,6.4,12.2,0,2,5,3,36,11,36
2011,Ohio,0,0.3,15,7,12.6,20.1,0,3,14,10,58,18,58
2011,Oklahoma,0,0.2,12,5,0.0,22.0,0,2,11,7,0,20,20
2011,Oregon,0,0.3,14,1,0.0,0.0,0,3,13,1,0,0,13
2011,Pennsylvania,0,0.2,16,5,11.6,17.3,0,2,15,7,56,16,56
2011,Rhode Island,0,0.2,9,3,8.2,0.0,0,2,8,4,46,0,46
2011,South Carolina,0,0.2,10,2,10.9,21.2,0,2,9,3,54,19,54
2011,South Dakota,0,0.2,7,1,6.2,17.0,0,2,7,1,34,15,34
2011,Tennessee,0,0.3,15,5,13.4,19.5,0,3,14,7,59,18,59
2011,Texas,0,0.2,12,2,10.9,28.2,0,2,11,3,54,26,54
2011,Utah,0,0.4,10,2,4.3,0.0,0,5,9,3,24,0,24
2011,Vermont,0,0.3,13,3,0.0,0.0,0,3,12,4,0,0,12
2011,Virginia,0,0.3,13,3,0.0,0.0,0,3,12,4,0,0,12
2011,Washington,0,0.3,9,1,8.6,18.2,0,3,8,1,48,17,48
2011,West Virginia,0,0.4,0,8,0.0,15.7,0,5,0,11,0,14,14
2011,Wisconsin,0,0.1,8,5,9.4,11.6,0,1,8,7,52,11,52
2011,Wyoming,0,0.2,6,4,4.1,11.8,0,2,6,6,23,11,23
2011,Puerto Rico,0,0.6,0,2,0.0,25.7,0,7,0,3,0,23,23
2011,Virgin Islands,0,0.0,0,3,0.0,0.0,0,0,0,4,0,0,4
2011,Country Of Mexico,0,0.9,28,3,0.0,0.0,0,10,26,4,0,0,26
2012,Alabama,0,0.4,0,4,0.0,19.4,0,5,0,6,0,18,18
2012,Alaska,0,0.7,0,12,5.1,15.6,0,8,0,17,28,14,28
2012,Arizona,0,0.4,26,10,8.5,41.0,0,5,25,14,47,37,47
2012,Arkansas,0,0.5,17,2,0.0,0.0,0,6,16,3,0,0,16
2012,California,0,0.4,16,1,9.4,26.3,0,5,15,1,52,24,52
2012,Colorado,0,0.3,11,3,6.4,22.0,0,3,10,4,36,20,36
2012,Connecticut,0,0.3,13,2,0.0,0.0,0,3,12,3,0,0,12
2012,Delaware,0,0.3,11,2,9.7,0.0,0,3,10,3,52,0,52
2012,District Of Columbia,0,0.6,22,2,11.7,0.0,0,7,21,3,56,0,56
2012,Florida,0,0.2,10,2,8.3,17.5,0,2,9,3,46,16,46
2012,Georgia,0,0.3,10,3,13.4,19.5,0,3,9,4,59,18,59
2012,Hawaii,0,0.4,6,22,7.6,15.2,0,5,6,31,42,14,42
2012,Idaho,0,0.3,19,7,13.7,22.8,0,3,18,10,60,21,60
2012,Illinois,0,0.4,22,4,0.0,27.9,0,5,21,6,0,25,25
2012,Indiana,0,0.6,15,5,12.2,23.2,0,7,14,7,57,21,57
2012,Iowa,0,0.2,9,4,0.0,0.0,0,2,8,6,0,0,8
2012,Kansas,0,0.3,12,2,0.0,22.9,0,3,11,3,0,21,21
2012,Kentucky,0,0.3,11,4,11.3,18.8,0,3,10,6,55,17,55
2012,Louisiana,0,0.2,12,7,10.3,21.7,0,2,11,10,53,20,53
2012,Maine,0,0.2,9,1,0.0,16.2,0,2,8,1,0,15,15
2012,Maryland,0,0.2,18,2,10.1,0.0,0,2,17,3,53,0,53
2012,Massachusetts,0,0.3,13,3,0.0,0.0,0,3,12,4,0,0,12
2012,Michigan,0,0.3,15,5,7.4,28.8,0,3,14,7,41,26,41
2012,Minnesota,0,0.1,10,1,8.0,20.7,0,1,9,1,44,19,44
2012,Mississippi,0,0.2,8,2,11.2,0.0,0,2,8,3,55,0,55
2012,Missouri,0,0.3,21,8,10.6,25.7,0,3,20,11,54,23,54
2012,Montana,0,0.1,3,3,8.8,20.8,0,1,3,4,49,19,49
2012,Nebraska,0,0.4,0,4,9.4,37.1,0,5,0,6,52,34,52
2012,Nevada,0,0.5,21,1,8.3,26.1,0,6,20,1,46,24,46
2012,New Hampshire,0,0.3,3,2,6.4,0.0,0,3,3,3,36,0,36
2012,New Jersey,0,0.4,21,2,0.0,0.0,0,5,20,3,0,0,20
2012,New Mexico,0,0.3,13,1,11.3,34.5,0,3,12,1,55,31,55
2012,New York,0,0.3,19,2,0.0,0.0,0,3,18,3,0,0,18
2012,North Carolina,0,0.3,14,1,9.9,13.0,0,3,13,1,52,12,52
2012,North Dakota,0,0.2,5,3,6.3,15.0,0,2,5,4,35,14,35
2012,Ohio,0,0.3,19,6,11.6,20.7,0,3,18,8,56,19,56
2012,Oklahoma,0,0.2,12,4,10.6,21.3,0,2,11,6,54,19,54
2012,Oregon,0,0.3,14,1,0.0,0.0,0,3,13,1,0,0,13
2012,Pennsylvania,0,0.2,14,5,10.7,16.9,0,2,13,7,54,15,54
2012,Rhode Island,0,0.2,9,2,7.1,0.0,0,2,8,3,39,0,39
2012,South Carolina,0,0.2,9,1,0.0,18.3,0,2,8,1,0,17,17
2012,South Dakota,0,0.2,8,1,7.1,20.1,0,2,8,1,39,18,39
2012,Tennessee,0,0.3,14,4,11.9,19.9,0,3,13,6,56,18,56
2012,Texas,0,0.2,12,2,11.6,26.4,0,2,11,3,56,24,56
2012,Utah,0,0.4,13,2,5.9,20.8,0,5,12,3,33,19,33
2012,Vermont,0,0.3,11,1,0.0,0.0,0,3,10,1,0,0,10
2012,Virginia,0,0.3,13,2,0.0,0.0,0,3,12,3,0,0,12
2012,Washington,0,0.3,10,1,6.9,17.4,0,3,9,1,38,16,38
2012,West Virginia,0,0.4,0,7,0.0,14.8,0,5,0,10,0,13,13
2012,Wisconsin,0,0.1,7,5,7.4,13.6,0,1,7,7,41,12,41
2012,Wyoming,0,0.2,6,3,5.2,16.6,0,2,6,4,29,15,29
2012,Puerto Rico,0,0.9,28,2,0.0,27.0,0,10,26,3,0,25,26
2012,Virgin Islands,0,0.0,0,2,0.0,0.0,0,0,0,3,0,0,3
2012,Country Of Mexico,0,0.5,37,0,0.0,0.0,0,6,35,0,0,0,35
2013,Alabama,0,0.3,18,2,12.1,17.0,0,3,17,3,57,15,57
2013,Alaska,0,0.6,0,10,4.4,15.5,0,7,0,14,24,14,24
2013,Arizona,0,0.4,24,9,7.8,35.6,0,5,23,13,43,32,43
2013,Arkansas,0,0.4,15,2,0.0,0.0,0,5,14,3,0,0,14
2013,California,0,0.3,16,1,10.5,32.2,0,3,15,1,54,29,54
2013,Colorado,0,0.4,13,5,7.2,19.1,0,5,12,7,40,17,40
2013,Connecticut,0,0.3,15,1,0.0,0.0,0,3,14,1,0,0,14
2013,Delaware,0,0.3,10,1,9.0,0.0,0,3,9,1,50,0,50
2013,District Of Columbia,0,0.4,18,2,11.5,16.9,0,5,17,3,55,15,55
2013,Florida,0,0.2,9,2,0.0,16.2,0,2,8,3,0,15,15
2013,Georgia,0,0.3,9,3,11.6,17.6,0,3,8,4,56,16,56
2013,Hawaii,0,0.4,5,19,6.8,15.0,0,5,5,26,38,14,38
2013,Idaho,0,0.3,19,5,12.6,18.8,0,3,18,7,58,17,58
2013,Illinois,0,0.2,21,3,0.0,34.5,0,2,20,4,0,31,31
2013,Indiana,0,0.4,13,5,11.4,21.1,0,5,12,7,55,19,55
2013,Iowa,0,0.2,10,4,0.0,42.7,0,2,9,6,0,39,39
2013,Kansas,0,0.3,10,2,0.0,17.5,0,3,9,3,0,16,16
2013,Kentucky,0,0.3,12,3,11.1,16.5,0,3,11,4,55,15,55
2013,Louisiana,0,0.2,11,4,9.9,20.2,0,2,10,6,52,18,52
2013,Maine,0,0.2,8,1,7.8,14.5,0,2,8,1,43,13,43
2013,Maryland,0,0.2,17,2,9.1,0.0,0,2,16,3,51,0,51
2013,Massachusetts,0,0.3,15,2,0.0,0.0,0,3,14,3,0,0,14
2013,Michigan,0,0.2,14,4,8.7,22.7,0,2,13,6,48,21,48
2013,Minnesota,0,0.1,11,1,6.9,19.5,0,1,10,1,38,18,38
2013,Mississippi,0,0.2,8,2,0.0,0.0,0,2,8,3,0,0,8
2013,Missouri,0,0.3,19,7,9.9,20.7,0,3,18,10,52,19,52
2013,Montana,0,0.1,3,3,7.0,15.4,0,1,3,4,39,14,39
2013,Nebraska,0,0.3,0,3,10.1,26.8,0,3,0,4,53,24,53
2013,Nevada,0,0.4,20,2,10.3,21.9,0,5,19,3,53,20,53
2013,New Hampshire,0,0.2,2,2,7.4,9.0,0,2,2,3,41,8,41
2013,New Jersey,0,0.4,20,1,0.0,0.0,0,5,19,1,0,0,19
2013,New Mexico,0,0.2,12,1,6.4,32.2,0,2,11,1,36,29,36
2013,New York,0,0.3,20,2,0.0,0.0,0,3,19,3,0,0,19
2013,North Carolina,0,0.3,12,1,9.6,11.5,0,3,11,1,52,10,52
2013,North Dakota,0,0.1,5,2,5.8,13.6,0,1,5,3,32,12,32
2013,Ohio,0,0.3,17,4,10.6,18.4,0,3,16,6,54,17,54
2013,Oklahoma,0,0.2,11,3,9.5,18.4,0,2,10,4,52,17,52
2013,Oregon,0,0.3,14,2,0.0,0.0,0,3,13,3,0,0,13
2013,Pennsylvania,0,0.2,12,4,10.9,17.0,0,2,11,6,54,15,54
2013,Rhode Island,0,0.2,10,1,7.0,0.0,0,2,9,1,39,0,39
2013,South Carolina,0,0.2,9,1,0.0,15.4,0,2,8,1,0,14,14
2013,South Dakota,0,0.2,7,1,7.7,18.4,0,2,7,1,43,17,43
2013,Tennessee,0,0.3,16,3,10.6,20.9,0,3,15,4,54,19,54
2013,Texas,0,0.2,11,1,10.8,0.0,0,2,10,1,54,0,54
2013,Utah,0,0.4,11,2,10.3,18.6,0,5,10,3,53,17,53
2013,Vermont,0,0.3,11,1,0.0,0.0,0,3,10,1,0,0,10
2013,Virginia,0,0.3,13,2,0.0,0.0,0,3,12,3,0,0,12
2013,Washington,0,0.3,13,1,8.9,19.3,0,3,12,1,49,18,49
2013,West Virginia,0,0.3,0,5,0.0,13.2,0,3,0,7,0,12,12
2013,Wisconsin,0,0.2,7,4,0.0,12.6,0,2,7,6,0,11,11
2013,Wyoming,0,0.2,6,2,3.7,10.3,0,2,6,3,21,9,21
2013,Puerto Rico,0,0.8,0,5,0.0,26.9,0,9,0,7,0,24,24
2013,Virgin Islands,0,0.0,0,1,0.0,0.0,0,0,0,1,0,0,1
2013,Country Of Mexico,0,8.8,0,7,0.0,0.0,0,94,0,10,0,0,94
2014,Alabama,0,0.4,19,3,11.6,20.5,0,5,18,4,56,19,56
2014,Alaska,0,0.7,18,10,6.1,22.7,0,8,17,14,34,21,34
2014,Arizona,0,0.4,22,9,8.0,37.4,0,5,21,13,44,34,44
2014,Arkansas,0,0.3,14,2,0.0,0.0,0,3,13,3,0,0,13
2014,California,0,0.3,16,1,9.2,39.1,0,3,15,1,51,36,51
2014,Colorado,0,0.3,14,3,7.3,17.5,0,3,13,4,41,16,41
2014,Connecticut,0,0.3,15,1,9.0,0.0,0,3,14,1,50,0,50
2014,Delaware,0,0.2,11,1,9.1,0.0,0,2,10,1,51,0,51
2014,District Of Columbia,0,0.5,19,2,9.9,16.6,0,6,18,3,52,15,52
2014,Florida,0,0.2,11,2,9.9,15.6,0,2,10,3,52,14,52
2014,Georgia,0,0.4,13,3,11.2,17.9,0,5,12,4,55,16,55
2014,Hawaii,0,0.4,6,18,6.4,15.6,0,5,6,25,36,14,36
2014,Idaho,0,0.3,19,5,10.5,17.0,0,3,18,7,54,15,54
2014,Illinois,0,0.2,21,3,0.0,37.1,0,2,20,4,0,34,34
2014,Indiana,0,0.4,15,5,12.1,20.8,0,5,14,7,57,19,57
2014,Iowa,0,0.2,9,4,0.0,44.5,0,2,8,6,0,41,41
2014,Kansas,0,0.3,9,2,0.0,21.9,0,3,8,3,0,20,20
2014,Kentucky,0,0.3,12,3,11.8,16.3,0,3,11,4,56,15,56
2014,Louisiana,0,0.3,12,4,9.8,19.4,0,3,11,6,52,18,52
2014,Maine,0,0.2,8,1,7.1,15.0,0,2,8,1,39,14,39
2014,Maryland,0,0.2,16,2,9.3,0.0,0,2,15,3,51,0,51
2014,Massachusetts,0,0.3,15,2,7.4,0.0,0,3,14,3,41,0,41
2014,Michigan,0,0.3,15,4,9.4,23.6,0,3,14,6,52,21,52
2014,Minnesota,0,0.2,14,1,7.4,19.3,0,2,13,1,41,18,41
2014,Mississippi,0,0.2,8,2,0.0,0.0,0,2,8,3,0,0,8
2014,Missouri,0,0.3,17,5,10.0,21.8,0,3,16,7,53,20,53
2014,Montana,0,0.1,3,3,6.6,15.0,0,1,3,4,37,14,37
2014,Nebraska,0,0.4,0,3,8.6,24.8,0,5,0,4,48,23,48
2014,Nevada,0,0.4,20,1,8.0,22.8,0,5,19,1,44,21,44
2014,New Hampshire,0,0.2,4,2,7.5,10.1,0,2,4,3,42,9,42
2014,New Jersey,0,0.4,22,1,0.0,0.0,0,5,21,1,0,0,21
2014,New Mexico,0,0.2,11,0,6.5,30.9,0,2,10,0,36,28,36
2014,New York,0,0.3,18,2,6.3,0.0,0,3,17,3,35,0,35
2014,North Carolina,0,0.3,13,1,9.8,12.2,0,3,12,1,52,11,52
2014,North Dakota,0,0.2,5,2,4.5,13.3,0,2,5,3,25,12,25
2014,Ohio,0,0.3,19,4,12.2,18.4,0,3,18,6,57,17,57
2014,Oklahoma,0,0.2,11,2,8.5,21.5,0,2,10,3,47,20,47
2014,Oregon,0,0.3,15,1,5.8,0.0,0,3,14,1,32,0,32
2014,Pennsylvania,0,0.2,14,4,10.8,16.7,0,2,13,6,54,15,54
2014,Rhode Island,0,0.4,14,1,5.5,0.0,0,5,13,1,31,0,31
2014,South Carolina,0,0.2,10,1,8.9,16.0,0,2,9,1,49,15,49
2014,South Dakota,0,0.2,7,1,5.5,18.2,0,2,7,1,31,17,31
2014,Tennessee,0,0.3,14,4,8.8,23.2,0,3,13,6,49,21,49
2014,Texas,0,0.2,11,1,10.4,0.0,0,2,10,1,53,0,53
2014,Utah,0,0.5,10,1,7.5,19.3,0,6,9,1,42,18,42
2014,Vermont,0,0.2,11,1,6.1,0.0,0,2,10,1,34,0,34
2014,Virginia,0,0.3,13,2,0.0,0.0,0,3,12,3,0,0,12
2014,Washington,0,0.4,19,1,7.2,19.7,0,5,18,1,40,18,40
2014,West Virginia,0,0.3,0,5,0.0,12.9,0,3,0,7,0,12,12
2014,Wisconsin,0,0.2,10,4,0.0,11.7,0,2,9,6,0,11,11
2014,Wyoming,0,0.1,6,3,3.8,10.7,0,1,6,4,21,10,21
2014,Puerto Rico,0,0.7,0,3,0.0,26.3,0,8,0,4,0,24,24
2014,Virgin Islands,0,0.0,0,0,0.0,0.0,0,0,0,0,0,0,0
2014,Country Of Mexico,0,0.5,0,0,0.0,0.0,0,6,0,0,0,0,6
2015,Alabama,0,0.4,18,3,11.6,18.6,0,5,17,4,56,17,56
2015,Alaska,0,0.5,18,9,5.7,17.5,0,6,17,13,32,16,32
2015,Arizona,0,0.4,22,10,7.4,29.9,0,5,21,14,41,27,41
2015,Arkansas,0,0.3,13,2,0.0,0.0,0,3,12,3,0,0,12
2015,California,0,0.3,15,1,8.8,26.6,0,3,14,1,49,24,49
2015,Colorado,0,0.4,17,4,7.4,13.9,0,5,16,6,41,13,41
2015,Connecticut,0,0.3,16,1,8.5,13.8,0,3,15,1,47,13,47
2015,Delaware,0,0.3,19,1,9.0,0.0,0,3,18,1,50,0,50
2015,District Of Columbia,0,0.4,20,2,10.5,16.5,0,5,19,3,54,15,54
2015,Florida,0,0.3,10,2,8.9,16.2,0,3,9,3,49,15,49
2015,Georgia,0,0.5,14,3,11.3,17.1,0,6,13,4,55,16,55
2015,Hawaii,0,0.4,6,24,6.7,16.0,0,5,6,33,37,15,37
2015,Idaho,0,0.3,19,4,9.8,18.7,0,3,18,6,52,17,52
2015,Illinois,0,0.2,19,3,8.6,29.2,0,2,18,4,48,27,48
2015,Indiana,0,0.4,13,4,9.9,19.5,0,5,12,6,52,18,52
2015,Iowa,0,0.2,9,3,0.0,46.0,0,2,8,4,0,42,42
2015,Kansas,0,0.3,9,2,0.0,19.1,0,3,8,3,0,17,17
2015,Kentucky,0,0.3,12,2,10.5,17.7,0,3,11,3,54,16,54
2015,Louisiana,0,0.5,11,3,12.0,19.4,0,6,10,4,56,18,56
2015,Maine,0,0.2,10,2,7.0,14.2,0,2,9,3,39,13,39
2015,Maryland,0,0.2,16,2,9.2,0.0,0,2,15,3,51,0,51
2015,Massachusetts,0,0.2,15,1,6.4,0.0,0,2,14,1,36,0,36
2015,Michigan,0,0.3,16,3,10.1,24.5,0,3,15,4,53,22,53
2015,Minnesota,0,0.2,13,1,7.1,23.3,0,2,12,1,39,21,39
2015,Mississippi,0,0.3,10,1,0.0,0.0,0,3,9,1,0,0,9
2015,Missouri,0,0.3,17,3,9.1,19.8,0,3,16,4,51,18,51
2015,Montana,0,0.2,2,2,8.1,20.4,0,2,2,3,45,19,45
2015,Nebraska,0,0.3,0,3,8.8,23.5,0,3,0,4,49,21,49
2015,Nevada,0,0.3,23,1,7.4,17.5,0,3,22,1,41,16,41
2015,New Hampshire,0,0.2,5,1,7.1,11.2,0,2,5,1,39,10,39
2015,New Jersey,0,0.4,22,1,11.3,0.0,0,5,21,1,55,0,55
2015,New Mexico,0,0.2,11,1,7.0,22.5,0,2,10,1,39,20,39
2015,New York,0,0.2,19,2,6.8,0.0,0,2,18,3,38,0,38
2015,North Carolina,0,0.3,11,1,8.5,9.9,0,3,10,1,47,9,47
2015,North Dakota,0,0.2,5,2,5.3,14.1,0,2,5,3,29,13,29
2015,Ohio,0,0.2,18,3,10.7,18.5,0,2,17,4,54,17,54
2015,Oklahoma,0,0.2,13,2,7.9,17.4,0,2,12,3,44,16,44
2015,Oregon,0,0.4,16,1,6.7,0.0,0,5,15,1,37,0,37
2015,Pennsylvania,0,0.3,14,4,10.6,17.0,0,3,13,6,54,15,54
2015,Rhode Island,0,0.4,15,1,7.5,0.0,0,5,14,1,42,0,42
2015,South Carolina,0,0.2,9,1,7.4,15.8,0,2,8,1,41,14,41
2015,South Dakota,0,0.2,7,1,6.5,20.1,0,2,7,1,36,18,36
2015,Tennessee,0,0.3,14,4,0.0,25.6,0,3,13,6,0,23,23
2015,Texas,0,0.3,11,1,9.1,0.0,0,3,10,1,51,0,51
2015,Utah,0,0.4,11,1,7.2,20.1,0,5,10,1,40,18,40
2015,Vermont,0,0.2,11,0,6.2,0.0,0,2,10,0,34,0,34
2015,Virginia,0,0.3,13,1,10.0,0.0,0,3,12,1,53,0,53
2015,Washington,0,0.3,19,1,7.9,20.4,0,3,18,1,44,19,44
2015,West Virginia,0,0.3,0,4,0.0,12.6,0,3,0,6,0,11,11
2015,Wisconsin,0,0.2,10,4,0.0,11.4,0,2,9,6,0,10,10
2015,Wyoming,0,0.1,6,2,4.3,10.2,0,1,6,3,24,9,24
2015,Puerto Rico,0,0.6,14,3,0.0,28.1,0,7,13,4,0,26,26
2015,Virgin Islands,0,0.0,0,0,0.0,0.0,0,0,0,0,0,0,0
2015,Country Of Mexico,0,0.0,0,0,0.0,0.0,0,0,0,0,0,0,0
2016,Alabama,0,0.3,19,2,10.5,18.8,0,3,18,3,54,17,54
2016,Alaska,0,0.5,18,8,5.3,16.6,0,6,17,11,29,15,29
2016,Arizona,0,0.4,21,9,8.2,36.1,0,5,20,13,46,33,46
2016,Arkansas,0,0.3,13,2,0.0,0.0,0,3,12,3,0,0,12
2016,California,0,0.3,14,1,8.1,28.7,0,3,13,1,45,26,45
2016,Colorado,0,0.4,17,3,6.8,11.4,0,5,16,4,38,10,38
2016,Connecticut,0,0.3,16,1,7.2,12.3,0,3,15,1,40,11,40
2016,Delaware,0,0.3,18,1,7.7,0.0,0,3,17,1,43,0,43
2016,District Of Columbia,0,0.5,19,1,10.0,16.6,0,6,18,1,53,15,53
2016,Florida,0,0.3,11,1,7.9,16.4,0,3,10,1,44,15,44
2016,Georgia,0,0.5,23,3,10.9,16.7,0,6,22,4,54,15,54
2016,Hawaii,0,0.4,6,26,7.9,15.5,0,5,6,36,44,14,44
2016,Idaho,0,0.3,17,4,5.2,16.6,0,3,16,6,29,15,29
2016,Illinois,0,0.2,21,3,9.5,21.5,0,2,20,4,52,20,52
2016,Indiana,0,0.3,13,3,8.9,18.7,0,3,12,4,49,17,49
2016,Iowa,0,0.2,9,2,6.3,39.2,0,2,8,3,35,36,36
2016,Kansas,0,0.2,8,1,5.2,18.2,0,2,8,1,29,17,29
2016,Kentucky,0,0.3,11,1,9.0,15.4,0,3,10,1,50,14,50
2016,Louisiana,0,0.4,11,3,11.4,18.5,0,5,10,4,55,17,55
2016,Maine,0,0.2,7,1,6.5,11.8,0,2,7,1,36,11,36
2016,Maryland,0,0.2,17,1,7.3,0.0,0,2,16,1,41,0,41
2016,Massachusetts,0,0.2,13,1,6.2,0.0,0,2,12,1,34,0,34
2016,Michigan,0,0.3,15,2,9.1,21.2,0,3,14,3,51,19,51
2016,Minnesota,0,0.2,12,1,5.8,21.0,0,2,11,1,32,19,32
2016,Mississippi,0,0.2,10,1,0.0,0.0,0,2,9,1,0,0,9
2016,Missouri,0,0.3,15,2,7.9,20.6,0,3,14,3,44,19,44
2016,Montana,0,0.2,2,1,6.2,14.8,0,2,2,1,34,13,34
2016,Nebraska,0,0.3,0,2,8.0,22.2,0,3,0,3,44,20,44
2016,Nevada,0,0.3,22,1,7.6,19.1,0,3,21,1,42,17,42
2016,New Hampshire,0,0.2,5,1,5.6,9.5,0,2,5,1,31,9,31
2016,New Jersey,0,0.3,19,1,8.9,0.0,0,3,18,1,49,0,49
2016,New Mexico,0,0.2,11,1,7.6,25.8,0,2,10,1,42,23,42
2016,New York,0,0.2,18,1,5.5,0.0,0,2,17,1,31,0,31
2016,North Carolina,0,0.3,11,1,8.3,11.9,0,3,10,1,46,11,46
2016,North Dakota,0,0.2,4,1,3.1,10.7,0,2,4,1,17,10,17
2016,Ohio,0,0.3,17,2,8.4,15.2,0,3,16,3,47,14,47
2016,Oklahoma,0,0.2,12,2,7.7,16.8,0,2,11,3,43,15,43
2016,Oregon,0,0.3,15,0,0.0,0.0,0,3,14,0,0,0,14
2016,Pennsylvania,0,0.2,12,2,9.2,15.6,0,2,11,3,51,14,51
2016,Rhode Island,0,0.4,13,0,6.6,0.0,0,5,12,0,37,0,37
2016,South Carolina,0,0.2,8,0,9.0,15.5,0,2,8,0,50,14,50
2016,South Dakota,0,0.2,6,0,4.9,19.5,0,2,6,0,27,18,27
2016,Tennessee,0,0.3,14,6,10.2,19.2,0,3,13,8,53,17,53
2016,Texas,0,0.3,11,2,8.8,0.0,0,3,10,3,49,0,49
2016,Utah,0,0.4,10,1,6.3,0.0,0,5,9,1,35,0,35
2016,Vermont,0,0.2,10,0,4.8,0.0,0,2,9,0,27,0,27
2016,Virginia,0,0.3,13,1,8.1,0.0,0,3,12,1,45,0,45
2016,Washington,0,0.3,19,1,6.5,16.7,0,3,18,1,36,15,36
2016,West Virginia,0,0.3,0,3,8.6,14.4,0,3,0,4,48,13,48
2016,Wisconsin,0,0.2,12,2,0.0,10.4,0,2,11,3,0,9,11
2016,Wyoming,0,0.1,6,2,3.8,10.4,0,1,6,3,21,9,21
2016,Puerto Rico,0,1.0,18,4,0.0,23.5,0,11,17,6,0,21,21
2016,Virgin Islands,0,0.0,0,0,0.0,0.0,0,0,0,0,0,0,0
2016,Country Of Mexico,0,0.0,0,0,17.1,0.0,0,0,0,0,66,0,66
2017,Alabama,0,0.3,16,4,12.0,17.8,0,3,15,6,56,16,56
2017,Alaska,0,0.5,18,8,4.8,12.6,0,6,17,11,27,11,27
2017,Arizona,0,0.3,24,10,8.9,39.3,0,3,23,14,49,36,49
2017,Arkansas,0,0.4,13,1,0.0,0.0,0,5,12,1,0,0,12
2017,California,0,0.3,14,1,9.3,27.6,0,3,13,1,51,25,51
2017,Colorado,0,0.3,14,2,7.1,12.5,0,3,13,3,39,11,39
2017,Connecticut,0,0.3,18,0,6.0,11.4,0,3,17,0,33,10,33
2017,Delaware,0,0.3,16,1,7.7,0.0,0,3,15,1,43,0,43
2017,District Of Columbia,0,0.3,17,1,9.5,15.9,0,3,16,1,52,14,52
2017,Florida,0,0.3,12,1,8.9,17.2,0,3,11,1,49,16,49
2017,Georgia,0,0.5,20,2,9.3,15.3,0,6,19,3,51,14,51
2017,Hawaii,0,0.3,6,23,6.2,13.1,0,3,6,32,34,12,34
2017,Idaho,0,0.3,24,4,8.2,18.9,0,3,23,6,46,17,46
2017,Illinois,0,0.2,20,3,9.2,23.5,0,2,19,4,51,21,51
2017,Indiana,0,0.4,15,2,8.4,20.1,0,5,14,3,47,18,47
2017,Iowa,0,0.2,8,1,7.3,40.2,0,2,8,1,41,37,41
2017,Kansas,0,0.2,8,1,7.4,20.0,0,2,8,1,41,18,41
2017,Kentucky,0,0.2,11,2,9.2,16.5,0,2,10,3,51,15,51
2017,Louisiana,0,0.4,10,2,10.3,17.9,0,5,9,3,53,16,53
2017,Maine,0,0.2,8,1,5.6,8.3,0,2,8,1,31,8,31
2017,Maryland,0,0.2,15,3,7.8,0.0,0,2,14,4,43,0,43
2017,Massachusetts,0,0.2,12,1,6.4,0.0,0,2,11,1,36,0,36
2017,Michigan,0,0.4,15,3,8.8,21.5,0,5,14,4,49,20,49
2017,Minnesota,0,0.3,12,1,6.1,23.1,0,3,11,1,34,21,34
2017,Mississippi,0,0.3,10,1,9.2,0.0,0,3,9,1,51,0,51
2017,Missouri,0,0.3,15,2,8.1,21.4,0,3,14,3,45,19,45
2017,Montana,0,0.2,2,2,8.8,16.7,0,2,2,3,49,15,49
2017,Nebraska,0,0.3,0,2,9.6,22.7,0,3,0,3,52,21,52
2017,Nevada,0,0.3,25,1,6.7,20.7,0,3,24,1,37,19,37
2017,New Hampshire,0,0.2,4,1,5.1,10.2,0,2,4,1,28,9,28
2017,New Jersey,0,0.3,18,0,9.0,0.0,0,3,17,0,50,0,50
2017,New Mexico,0,0.2,10,1,8.0,27.8,0,2,9,1,44,25,44
2017,New York,0,0.2,17,1,6.0,0.0,0,2,16,1,33,0,33
2017,North Carolina,0,0.3,11,2,7.9,12.5,0,3,10,3,44,11,44
2017,North Dakota,0,0.2,5,2,5.7,13.5,0,2,5,3,32,12,32
2017,Ohio,0,0.2,16,1,9.3,14.0,0,2,15,1,51,13,51
2017,Oklahoma,0,0.3,12,2,8.3,16.9,0,3,11,3,46,15,46
2017,Oregon,0,0.3,15,1,0.0,17.5,0,3,14,1,0,16,16
2017,Pennsylvania,0,0.2,11,2,9.3,15.1,0,2,10,3,51,14,51
2017,Rhode Island,0,0.4,12,0,6.1,0.0,0,5,11,0,34,0,34
2017,South Carolina,0,0.2,9,0,7.5,14.1,0,2,8,0,42,13,42
2017,South Dakota,0,0.2,6,1,5.5,16.7,0,2,6,1,31,15,31
2017,Tennessee,0,0.3,13,4,7.4,16.1,0,3,12,6,41,15,41
2017,Texas,0,0.3,11,3,9.2,0.0,0,3,10,4,51,0,51
2017,Utah,0,0.4,11,1,7.5,0.0,0,5,10,1,42,0,42
2017,Vermont,0,0.2,10,0,4.9,0.0,0,2,9,0,27,0,27
2017,Virginia,0,0.3,12,5,7.8,0.0,0,3,11,7,43,0,43
2017,Washington,0,0.3,17,3,8.5,20.4,0,3,16,4,47,19,47
2017,West Virginia,0,0.2,0,4,8.4,12.9,0,2,0,6,47,12,47
2017,Wisconsin,0,0.2,12,1,6.3,11.5,0,2,11,1,35,10,35
2017,Wyoming,0,0.1,6,2,4.9,11.9,0,1,6,3,27,11,27
2017,Puerto Rico,0,0.4,17,2,17.3,27.9,0,5,16,3,66,25,66
2017,Virgin Islands,0,0.0,0,0,0.0,0.0,0,0,0,0,0,0,0
2017,Country Of Mexico,0,0.0,0,0,21.4,0.0,0,0,0,0,74,0,74
2018,Alabama,0,0.3,16,3,9.4,17.2,0,3,15,4,52,16,52
2018,Alaska,0,0.4,17,8,5.0,12.0,0,5,16,11,28,11,28
2018,Arizona,0,0.3,22,7,8.0,36.4,0,3,21,10,44,33,44
2018,Arkansas,0,0.3,12,1,0.0,0.0,0,3,11,1,0,0,11
2018,California,0,0.3,14,1,10.0,27.8,0,3,13,1,53,25,53
2018,Colorado,0,0.3,13,1,7.4,13.9,0,3,12,1,41,13,41
2018,Connecticut,0,0.3,16,0,6.8,13.4,0,3,15,0,38,12,38
2018,Delaware,0,0.2,15,0,7.4,0.0,0,2,14,0,41,0,41
2018,District Of Columbia,0,0.3,16,1,8.8,16.0,0,3,15,1,49,15,49
2018,Florida,0,0.3,11,1,7.2,17.3,0,3,10,1,40,16,40
2018,Georgia,0,0.4,18,2,8.3,14.8,0,5,17,3,46,13,46
2018,Hawaii,0,0.3,7,20,5.9,12.4,0,3,7,28,33,11,33
2018,Idaho,0,0.4,0,5,5.4,19.7,0,5,0,7,30,18,30
2018,Illinois,0,0.2,18,3,9.1,23.2,0,2,17,4,51,21,51
2018,Indiana,0,0.3,15,1,9.0,19.3,0,3,14,1,50,18,50
2018,Iowa,0,0.2,8,1,7.6,38.3,0,2,8,1,42,35,42
2018,Kansas,0,0.2,8,1,7.9,19.0,0,2,8,1,44,17,44
2018,Kentucky,0,0.2,10,1,8.5,16.6,0,2,9,1,47,15,47
2018,Louisiana,0,0.4,10,2,10.3,19.6,0,5,9,3,53,18,53
2018,Maine,0,0.2,8,0,5.4,10.4,0,2,8,0,30,9,30
2018,Maryland,0,0.2,14,3,7.3,0.0,0,2,13,4,41,0,41
2018,Massachusetts,0,0.3,13,1,6.8,0.0,0,3,12,1,38,0,38
2018,Michigan,0,0.4,15,3,10.2,21.9,0,5,14,4,53,20,53
2018,Minnesota,0,0.3,13,1,6.7,23.3,0,3,12,1,37,21,37
2018,Mississippi,0,0.1,7,1,8.4,20.0,0,1,7,1,47,18,47
2018,Missouri,0,0.3,15,4,8.5,20.1,0,3,14,6,47,18,47
2018,Montana,0,0.2,2,1,6.9,16.3,0,2,2,1,38,15,38
2018,Nebraska,0,0.3,0,1,8.7,18.8,0,3,0,1,48,17,48
2018,Nevada,0,0.4,27,1,7.6,21.6,0,5,25,1,42,20,42
2018,New Hampshire,0,0.2,4,1,4.7,9.4,0,2,4,1,26,9,26
2018,New Jersey,0,0.3,18,1,8.7,0.0,0,3,17,1,48,0,48
2018,New Mexico,0,0.2,10,1,6.1,27.8,0,2,9,1,34,25,34
2018,New York,0,0.3,19,1,6.6,0.0,0,3,18,1,37,0,37
2018,North Carolina,0,0.3,10,2,7.8,13.7,0,3,9,3,43,12,43
2018,North Dakota,0,0.2,5,2,5.7,11.4,0,2,5,3,32,10,32
2018,Ohio,0,0.2,16,1,9.4,14.2,0,2,15,1,52,13,52
2018,Oklahoma,0,0.2,13,1,8.4,19.6,0,2,12,1,47,18,47
2018,Oregon,0,0.3,16,1,0.0,16.6,0,3,15,1,0,15,15
2018,Pennsylvania,0,0.3,9,2,9.1,14.1,0,3,8,3,51,13,51
2018,Rhode Island,0,0.4,17,0,6.9,0.0,0,5,16,0,38,0,38
2018,South Carolina,0,0.1,9,0,6.9,14.3,0,1,8,0,38,13,38
2018,South Dakota,0,0.2,6,1,5.4,16.9,0,2,6,1,30,15,30
2018,Tennessee,0,0.3,12,4,7.1,16.6,0,3,11,6,39,15,39
2018,Texas,0,0.3,11,3,8.7,0.0,0,3,10,4,48,0,48
2018,Utah,0,0.3,11,0,7.5,11.3,0,3,10,0,42,10,42
2018,Vermont,0,0.2,10,0,5.7,0.0,0,2,9,0,32,0,32
2018,Virginia,0,0.3,11,1,7.2,0.0,0,3,10,1,40,0,40
2018,Washington,0,0.2,16,3,8.5,20.0,0,2,15,4,47,18,47
2018,West Virginia,0,0.2,0,4,8.5,13.3,0,2,0,6,47,12,47
2018,Wisconsin,0,0.2,12,1,7.1,14.1,0,2,11,1,39,13,39
2018,Wyoming,0,0.1,6,1,4.1,11.7,0,1,6,1,23,11,23
2018,Puerto Rico,0,0.5,10,1,15.5,24.1,0,6,9,1,63,22,63
2018,Virgin Islands,0,0.0,0,0,7.9,0.0,0,0,0,0,44,0,44
2018,Country Of Mexico,0,0.0,0,0,25.6,0.0,0,0,0,0,82,0,82
2019,Alabama,0,0.3,18,3,9.0,21.9,0,3,17,4,50,20,50
2019,Alaska,0,0.5,14,8,6.9,14.7,0,6,13,11,38,13,38
2019,Arizona,0,0.3,20,5,6.5,28.1,0,3,19,7,36,26,36
2019,Arkansas,0,0.4,13,1,0.0,0.0,0,5,12,1,0,0,12
2019,California,0,0.3,13,1,7.1,24.0,0,3,12,1,39,22,39
2019,Colorado,0,0.3,14,2,6.8,15.9,0,3,13,3,38,14,38
2019,Connecticut,0,0.3,16,0,6.8,13.1,0,3,15,0,38,12,38
2019,Delaware,0,0.2,16,1,7.2,0.0,0,2,15,1,40,0,40
2019,District Of Columbia,0,0.3,17,1,8.3,17.0,0,3,16,1,46,15,46
2019,Florida,0,0.3,11,1,7.0,16.7,0,3,10,1,39,15,39
2019,Georgia,0,0.4,20,2,9.1,14.9,0,5,19,3,51,14,51
2019,Hawaii,0,0.2,7,2,2.5,11.8,0,2,7,3,14,11,14
2019,Idaho,0,0.4,16,5,3.9,16.6,0,5,15,7,22,15,22
2019,Illinois,0,0.2,18,2,8.9,28.3,0,2,17,3,49,26,49
2019,Indiana,0,0.3,15,2,9.3,18.1,0,3,14,3,51,16,51
2019,Iowa,0,0.2,6,1,8.2,34.5,0,2,6,1,46,31,46
2019,Kansas,0,0.2,7,1,7.9,17.0,0,2,7,1,44,15,44
2019,Kentucky,0,0.2,11,1,8.5,18.2,0,2,10,1,47,17,47
2019,Louisiana,0,0.2,10,2,8.2,16.3,0,2,9,3,46,15,46
2019,Maine,0,0.2,7,0,5.2,14.4,0,2,7,0,29,13,29
2019,Maryland,0,0.2,13,2,6.8,0.0,0,2,12,3,38,0,38
2019,Massachusetts,0,0.2,13,0,6.7,0.0,0,2,12,0,37,0,37
2019,Michigan,0,0.4,15,3,8.8,19.6,0,5,14,4,49,18,49
2019,Minnesota,0,0.3,12,1,6.3,19.2,0,3,11,1,35,17,35
2019,Mississippi,0,0.1,7,1,8.3,18.9,0,1,7,1,46,17,46
2019,Missouri,0,0.3,14,8,8.3,19.8,0,3,13,11,46,18,46
2019,Montana,0,0.2,2,1,5.8,14.5,0,2,2,1,32,13,32
2019,Nebraska,0,0.3,0,1,7.3,16.7,0,3,0,1,41,15,41
2019,Nevada,0,0.3,21,1,5.3,18.6,0,3,20,1,29,17,29
2019,New Hampshire,0,0.1,4,1,4.6,11.4,0,1,4,1,26,10,26
2019,New Jersey,0,0.3,19,1,8.4,0.0,0,3,18,1,47,0,47
2019,New Mexico,0,0.2,10,0,5.8,25.4,0,2,9,0,32,23,32
2019,New York,0,0.2,17,1,5.8,0.0,0,2,16,1,32,0,32
2019,North Carolina,0,0.3,11,1,7.8,12.7,0,3,10,1,43,12,43
2019,North Dakota,0,0.2,5,2,4.6,8.4,0,2,5,3,26,8,26
2019,Ohio,0,0.2,15,1,9.3,14.7,0,2,14,1,51,13,51
2019,Oklahoma,0,0.2,11,1,8.1,19.2,0,2,10,1,45,17,45
2019,Oregon,0,0.2,13,1,10.6,17.4,0,2,12,1,54,16,54
2019,Pennsylvania,0,0.3,10,2,8.2,15.4,0,3,9,3,46,14,46
2019,Rhode Island,0,0.4,13,0,5.4,0.0,0,5,12,0,30,0,30
2019,South Carolina,0,0.1,9,0,7.3,14.9,0,1,8,0,41,14,41
2019,South Dakota,0,0.2,5,1,4.5,15.3,0,2,5,1,25,14,25
2019,Tennessee,0,0.2,12,4,7.2,16.2,0,2,11,6,40,15,40
2019,Texas,0,0.3,11,3,8.6,0.0,0,3,10,4,48,0,48
2019,Utah,0,0.3,13,1,5.9,4.4,0,3,12,1,33,4,33
2019,Vermont,0,0.2,10,0,5.6,0.0,0,2,9,0,31,0,31
2019,Virginia,0,0.3,12,2,8.0,0.0,0,3,11,3,44,0,44
2019,Washington,0,0.2,20,3,7.0,17.1,0,2,19,4,39,16,39
2019,West Virginia,0,0.2,0,4,8.1,14.2,0,2,0,6,45,13,45
2019,Wisconsin,0,0.2,12,1,6.8,13.1,0,2,11,1,38,12,38
2019,Wyoming,0,0.1,5,1,2.7,9.6,0,1,5,1,15,9,15
2019,Puerto Rico,0,0.5,14,2,7.3,26.5,0,6,13,3,41,24,41
2019,Virgin Islands,0,0.0,0,0,7.8,0.0,0,0,0,0,43,0,43
2019,Country Of Mexico,0,0.0,0,0,0.0,0.0,0,0,0,0,0,0,0
2020,Alabama,0,0.3,15,1,8.5,20.7,0,3,14,1,47,19,47
2020,Alaska,0,0.4,0,7,5.1,10.5,0,5,0,10,28,10,28
2020,Arizona,0,0.4,19,3,9.3,35.7,0,5,18,4,51,33,51
2020,Arkansas,0,0.3,12,1,0.0,0.0,0,3,11,1,0,0,11
2020,California,0,0.3,14,1,13.7,34.5,0,3,13,1,60,31,60
2020,Colorado,0,0.3,12,1,8.1,12.8,0,3,11,1,45,12,45
2020,Connecticut,0,0.2,15,0,7.0,13.8,0,2,14,0,39,13,39
2020,Delaware,0,0.2,15,1,6.9,0.0,0,2,14,1,38,0,38
2020,District Of Columbia,0,0.3,14,1,6.9,14.9,0,3,13,1,38,14,38
2020,Florida,0,0.3,10,1,7.5,17.9,0,3,9,1,42,16,42
2020,Georgia,0,0.5,18,2,8.3,14.0,0,6,17,3,46,13,46
2020,Hawaii,0,0.2,5,3,2.6,11.2,0,2,5,4,14,10,14
2020,Idaho,0,0.4,17,5,2.7,20.8,0,5,16,7,15,19,19
2020,Illinois,0,0.2,17,2,8.5,34.4,0,2,16,3,47,31,47
2020,Indiana,0,0.3,12,2,8.6,18.4,0,3,11,3,48,17,48
2020,Iowa,0,0.2,6,1,8.3,36.5,0,2,6,1,46,33,46
2020,Kansas,0,0.2,7,1,7.5,21.5,0,2,7,1,42,20,42
2020,Kentucky,0,0.2,10,1,7.6,17.6,0,2,9,1,42,16,42
2020,Louisiana,0,0.3,9,2,6.6,16.9,0,3,8,3,37,15,37
2020,Maine,0,0.2,9,0,4.9,13.1,0,2,8,0,27,12,27
2020,Maryland,0,0.2,13,1,6.1,0.0,0,2,12,1,34,0,34
2020,Massachusetts,0,0.2,12,0,6.7,0.0,0,2,11,0,37,0,37
2020,Michigan,0,0.3,14,2,9.2,18.9,0,3,13,3,51,17,51
2020,Minnesota,0,0.3,10,1,5.7,21.0,0,3,9,1,32,19,32
2020,Mississippi,0,0.1,6,1,8.6,19.2,0,1,6,1,48,17,48
2020,Missouri,0,0.3,13,7,8.5,22.7,0,3,12,10,47,21,47
2020,Montana,0,0.2,2,1,6.1,17.8,0,2,2,1,34,16,34
2020,Nebraska,0,0.3,0,1,7.3,19.7,0,3,0,1,41,18,41
2020,Nevada,0,0.3,23,1,7.3,25.0,0,3,22,1,41,23,41
2020,New Hampshire,0,0.1,4,1,4.5,12.7,0,1,4,1,25,12,25
2020,New Jersey,0,0.3,17,1,7.8,0.0,0,3,16,1,43,0,43
2020,New Mexico,0,0.2,10,1,6.7,33.2,0,2,9,1,37,30,37
2020,New York,0,0.2,16,1,6.5,0.0,0,2,15,1,36,0,36
2020,North Carolina,0,0.3,9,1,6.8,11.2,0,3,8,1,38,10,38
2020,North Dakota,0,0.2,4,2,4.6,9.5,0,2,4,3,26,9,26
2020,Ohio,0,0.2,14,1,8.5,14.9,0,2,13,1,47,14,47
2020,Oklahoma,0,0.4,11,1,8.2,18.4,0,5,10,1,46,17,46
2020,Oregon,0,0.3,11,0,14.5,24.2,0,3,10,0,61,22,61
2020,Pennsylvania,0,0.2,10,1,7.6,14.7,0,2,9,1,42,13,42
2020,Rhode Island,0,0.4,12,0,5.9,0.0,0,5,11,0,33,0,33
2020,South Carolina,0,-0.0,7,0,7.0,13.6,0,0,7,0,39,12,39
2020,South Dakota,0,0.2,5,1,5.2,19.7,0,2,5,1,29,18,29
2020,Tennessee,0,0.2,11,3,7.9,16.3,0,2,10,4,44,15,44
2020,Texas,0,0.3,10,2,8.6,0.0,0,3,9,3,48,0,48
2020,Utah,0,0.1,12,1,7.6,0.0,0,1,11,1,42,0,42
2020,Vermont,0,0.2,8,0,5.6,0.0,0,2,8,0,31,0,31
2020,Virginia,0,0.3,10,2,6.9,0.0,0,3,9,3,38,0,38
2020,Washington,0,0.2,18,2,9.4,26.8,0,2,17,3,52,24,52
2020,West Virginia,0,0.2,0,3,7.0,13.0,0,2,0,4,39,12,39
2020,Wisconsin,0,0.2,9,1,6.8,14.9,0,2,8,1,38,14,38
2020,Wyoming,0,0.1,4,1,3.4,13.7,0,1,4,1,19,12,19
2020,Puerto Rico,0,0.6,14,2,0.0,31.4,0,7,13,3,0,29,29
2020,Virgin Islands,0,0.0,0,0,6.8,0.0,0,0,0,0,38,0,38
2020,Country Of Mexico,0,0.0,0,0,32.2,0.0,0,0,0,0,94,0,94
2021,Alabama,0,0.3,15,1,8.4,21.1,0,3,14,1,47,19,47
2021,Alaska,0,0.3,0,6,4.8,11.4,0,3,0,8,27,10,27
2021,Arizona,0,0.3,21,2,8.8,33.3,0,3,20,3,49,30,49
2021,Arkansas,0,0.3,12,1,9.8,0.0,0,3,11,1,52,0,52
2021,California,0,0.3,14,1,10.3,29.2,0,3,13,1,53,27,53
2021,Colorado,0,0.3,12,1,8.4,19.6,0,3,11,1,47,18,47
2021,Connecticut,0,0.2,15,0,7.3,14.4,0,2,14,0,41,13,41
2021,Delaware,0,0.3,14,0,7.8,0.0,0,3,13,0,43,0,43
2021,District Of Columbia,0,0.3,16,1,8.6,15.8,0,3,15,1,48,14,48
2021,Florida,0,0.3,12,1,7.1,17.5,0,3,11,1,39,16,39
2021,Georgia,0,0.5,18,2,9.7,16.5,0,6,17,3,52,15,52
2021,Hawaii,0,0.2,5,5,2.9,11.0,0,2,5,7,16,10,16
2021,Idaho,0,0.3,18,5,0.0,23.8,0,3,17,7,0,22,22
2021,Illinois,0,0.2,17,2,9.3,35.1,0,2,16,3,51,32,51
2021,Indiana,0,0.3,13,2,9.7,20.4,0,3,12,3,52,19,52
2021,Iowa,0,0.2,6,1,8.4,35.2,0,2,6,1,47,32,47
2021,Kansas,0,0.2,7,1,9.8,24.6,0,2,7,1,52,22,52
2021,Kentucky,0,0.2,11,1,9.0,18.8,0,2,10,1,50,17,50
2021,Louisiana,0,0.3,9,2,7.7,16.7,0,3,8,3,43,15,43
2021,Maine,0,0.2,7,0,4.9,14.5,0,2,7,0,27,13,27
2021,Maryland,0,0.2,15,1,7.2,0.0,0,2,14,1,40,0,40
2021,Massachusetts,0,0.3,11,0,7.0,0.0,0,3,10,0,39,0,39
2021,Michigan,0,0.4,15,2,9.4,19.9,0,5,14,3,52,18,52
2021,Minnesota,0,0.3,11,1,7.2,22.9,0,3,10,1,40,21,40
2021,Mississippi,0,0.2,6,1,8.5,19.5,0,2,6,1,47,18,47
2021,Missouri,0,0.3,13,8,8.7,24.1,0,3,12,11,48,22,48
2021,Montana,0,0.2,2,1,9.1,21.9,0,2,2,1,51,20,51
2021,Nebraska,0,0.3,0,2,8.0,22.7,0,3,0,3,44,21,44
2021,Nevada,0,0.3,22,1,7.5,26.4,0,3,21,1,42,24,42
2021,New Hampshire,0,0.2,5,1,5.7,13.1,0,2,5,1,32,12,32
2021,New Jersey,0,0.4,18,1,8.1,0.0,0,5,17,1,45,0,45
2021,New Mexico,0,0.2,10,1,7.7,33.4,0,2,9,1,43,30,43
2021,New York,0,0.2,16,1,7.3,0.0,0,2,15,1,41,0,41
2021,North Carolina,0,0.3,9,1,7.8,13.0,0,3,8,1,43,12,43
2021,North Dakota,0,0.2,4,2,7.2,15.1,0,2,4,3,40,14,40
2021,Ohio,0,0.3,14,2,9.9,19.3,0,3,13,3,52,18,52
2021,Oklahoma,0,0.4,12,1,10.1,20.8,0,5,11,1,53,19,53
2021,Oregon,0,0.2,12,1,12.4,16.3,0,2,11,1,57,15,57
2021,Pennsylvania,0,0.3,11,2,8.8,16.2,0,3,10,3,49,15,49
2021,Rhode Island,0,0.4,13,0,6.7,0.0,0,5,12,0,37,0,37
2021,South Carolina,0,0.2,8,0,7.9,15.2,0,2,8,0,44,14,44
2021,South Dakota,0,0.2,7,1,6.8,20.8,0,2,7,1,38,19,38
2021,Tennessee,0,0.2,11,3,8.7,18.1,0,2,10,4,48,16,48
2021,Texas,0,0.3,11,3,8.7,50.4,0,3,10,4,48,46,48
2021,Utah,0,0.2,11,1,8.8,6.6,0,2,10,1,49,6,49
2021,Vermont,0,0.2,9,0,6.0,0.0,0,2,8,0,33,0,33
2021,Virginia,0,0.3,11,1,7.7,15.2,0,3,10,1,43,14,43
2021,Washington,0,0.2,18,0,7.3,19.5,0,2,17,0,41,18,41
2021,West Virginia,0,0.2,0,3,10.7,15.5,0,2,0,4,54,14,54
2021,Wisconsin,0,0.2,12,1,8.0,17.5,0,2,11,1,44,16,44
2021,Wyoming,0,0.1,5,1,5.6,15.1,0,1,5,1,31,14,31
2021,Puerto Rico,0,0.8,8,2,0.0,28.9,0,9,8,3,0,26,26
2021,Virgin Islands,0,0.0,0,0,0.0,0.0,0,0,0,0,0,0,0
2021,Country Of Mexico,0,0.0,0,0,19.6,0.0,0,0,0,0,71,0,71
2022,Alabama,0,0.2,14,1,8.2,19.4,0,2,13,1,46,18,46
2022,Alaska,0,0.3,0,4,4.8,12.9,0,3,0,6,27,12,27
2022,Arizona,0,0.3,20,2,7.9,30.7,0,3,19,3,44,28,44
2022,Arkansas,0,0.4,13,1,8.5,0.0,0,5,12,1,47,0,47
2022,California,0,0.3,14,1,8.5,30.8,0,3,13,1,47,28,47
2022,Colorado,0,0.3,12,1,5.9,16.7,0,3,11,1,33,15,33
2022,Connecticut,0,0.2,16,0,6.5,13.5,0,2,15,0,36,12,36
2022,Delaware,0,0.2,15,0,6.8,0.0,0,2,14,0,38,0,38
2022,District Of Columbia,0,0.4,17,1,7.7,13.8,0,5,16,1,43,13,43
2022,Florida,0,0.3,11,2,7.0,18.0,0,3,10,3,39,16,39
2022,Georgia,0,0.4,19,2,9.0,18.3,0,5,18,3,50,17,50
2022,Hawaii,0,0.1,6,4,3.4,13.4,0,1,6,6,19,12,19
2022,Idaho,0,0.2,18,4,0.0,21.5,0,2,17,6,0,20,20
2022,Illinois,0,0.2,17,2,8.3,33.4,0,2,16,3,46,30,46
2022,Indiana,0,0.2,12,2,8.9,20.3,0,2,11,3,49,18,49
2022,Iowa,0,0.2,6,2,7.9,33.1,0,2,6,3,44,30,44
2022,Kansas,0,0.1,8,1,8.6,26.6,0,1,8,1,48,24,48
2022,Kentucky,0,0.2,11,1,7.9,18.4,0,2,10,1,44,17,44
2022,Louisiana,0,0.3,9,2,8.8,18.8,0,3,8,3,49,17,49
2022,Maine,0,0.2,7,0,4.0,11.7,0,2,7,0,22,11,22
2022,Maryland,0,0.2,14,1,6.5,0.0,0,2,13,1,36,0,36
2022,Massachusetts,0,0.3,12,0,6.3,0.0,0,3,11,0,35,0,35
2022,Michigan,0,0.3,14,2,8.9,19.8,0,3,13,3,49,18,49
2022,Minnesota,0,0.3,11,1,5.5,19.1,0,3,10,1,31,17,31
2022,Mississippi,0,0.1,6,0,8.5,19.5,0,1,6,0,47,18,47
2022,Missouri,0,0.3,14,10,8.1,23.7,0,3,13,14,45,22,45
2022,Montana,0,0.2,3,1,7.6,18.1,0,2,3,1,42,16,42
2022,Nebraska,0,0.2,0,2,5.0,22.6,0,2,0,3,28,21,28
2022,Nevada,0,0.3,21,1,6.1,26.9,0,3,20,1,34,24,34
2022,New Hampshire,0,0.1,3,1,4.8,12.0,0,1,3,1,27,11,27
2022,New Jersey,0,0.4,18,1,7.3,0.0,0,5,17,1,41,0,41
2022,New Mexico,0,0.2,10,1,6.6,31.1,0,2,9,1,37,28,37
2022,New York,0,0.2,17,1,6.5,0.0,0,2,16,1,36,0,36
2022,North Carolina,0,0.3,10,1,7.1,13.0,0,3,9,1,39,12,39
2022,North Dakota,0,0.1,4,2,5.9,15.5,0,1,4,3,33,14,33
2022,Ohio,0,0.2,14,1,8.7,18.7,0,2,13,1,48,17,48
2022,Oklahoma,0,0.3,12,1,8.4,20.8,0,3,11,1,47,19,47
2022,Oregon,0,0.2,12,1,10.8,21.0,0,2,11,1,54,19,54
2022,Pennsylvania,0,0.3,11,2,8.0,14.8,0,3,10,3,44,13,44
2022,Rhode Island,0,0.3,13,0,5.4,0.0,0,3,12,0,30,0,30
2022,South Carolina,0,0.2,8,0,7.6,15.7,0,2,8,0,42,14,42
2022,South Dakota,0,0.2,5,0,4.7,19.5,0,2,5,0,26,18,26
2022,Tennessee,0,0.3,10,3,7.7,18.2,0,3,9,4,43,17,43
2022,Texas,0,0.3,11,3,8.6,51.3,0,3,10,4,48,47,48
2022,Utah,0,0.2,13,1,7.1,22.4,0,2,12,1,39,20,39
2022,Vermont,0,0.1,11,0,5.6,0.0,0,1,10,0,31,0,31
2022,Virginia,0,0.2,11,1,7.4,14.0,0,2,10,1,41,13,41
2022,Washington,0,0.2,19,0,8.4,18.1,0,2,18,0,47,16,47
2022,West Virginia,0,0.2,0,2,9.4,15.5,0,2,0,3,52,14,52
2022,Wisconsin,0,0.2,11,1,6.7,16.2,0,2,10,1,37,15,37
2022,Wyoming,0,0.1,5,1,4.0,12.6,0,1,5,1,22,11,22
2022,Puerto Rico,0,0.2,7,1,0.0,25.1,0,2,7,1,0,23,23
2022,Virgin Islands,0,0.0,0,0,0.0,0.0,0,0,0,0,0,0,0
2022,Country Of Mexico,0,0.0,0,0,15.0,49.9,0,0,0,0,62,45,62
2023,Alabama,0,0.2,15,2,8.4,19.9,0,2,14,3,47,18,47
2023,Alaska,0,0.3,0,2,4.5,11.6,0,3,0,3,25,11,25
2023,Arizona,0,0.3,20,2,7.3,32.0,0,3,19,3,41,29,41
2023,Arkansas,0,0.4,6,1,11.0,0.0,0,5,6,1,55,0,55
2023,California,0,0.3,13,1,7.7,25.2,0,3,12,1,43,23,43
2023,Colorado,0,0.3,12,2,6.0,19.0,0,3,11,3,33,17,33
2023,Connecticut,0,0.3,16,0,7.5,14.9,0,3,15,0,42,14,42
2023,Delaware,0,0.0,14,0,8.9,0.0,0,0,13,0,49,0,49
2023,District Of Columbia,0,0.3,16,1,8.7,17.7,0,3,15,1,48,16,48
2023,Florida,0,0.3,12,2,7.1,18.5,0,3,11,3,39,17,39
2023,Georgia,0,0.5,19,2,10.0,18.4,0,6,18,3,53,17,53
2023,Hawaii,0,0.1,6,3,3.3,14.5,0,1,6,4,18,13,18
2023,Idaho,0,0.2,15,4,0.0,45.4,0,2,14,6,0,41,41
2023,Illinois,0,0.2,18,2,9.1,29.2,0,2,17,3,51,27,51
2023,Indiana,0,0.3,11,2,10.4,21.0,0,3,10,3,53,19,53
2023,Iowa,0,0.2,6,1,10.8,34.9,0,2,6,1,54,32,54
2023,Kansas,0,0.1,8,0,8.1,24.7,0,1,8,0,45,22,45
2023,Kentucky,0,0.3,11,1,8.5,20.3,0,3,10,1,47,18,47
2023,Louisiana,0,0.3,9,2,9.0,19.7,0,3,8,3,50,18,50
2023,Maine,0,0.2,7,0,6.2,14.4,0,2,7,0,34,13,34
2023,Maryland,0,0.2,14,0,7.0,0.0,0,2,13,0,39,0,39
2023,Massachusetts,0,0.3,11,0,7.0,13.7,0,3,10,0,39,12,39
2023,Michigan,0,0.3,15,2,10.8,20.1,0,3,14,3,54,18,54
2023,Minnesota,0,0.3,11,1,7.9,21.8,0,3,10,1,44,20,44
2023,Mississippi,0,0.2,7,0,10.0,20.5,0,2,7,0,53,19,53
2023,Missouri,0,0.3,14,10,9.6,24.7,0,3,13,14,52,22,52
2023,Montana,0,0.2,3,2,7.6,18.6,0,2,3,3,42,17,42
2023,Nebraska,0,0.2,0,2,7.2,21.1,0,2,0,3,40,19,40
2023,Nevada,0,0.3,20,1,5.1,21.0,0,3,19,1,28,19,28
2023,New Hampshire,0,0.2,4,1,5.9,11.2,0,2,4,1,33,10,33
2023,New Jersey,0,0.4,18,1,8.8,0.0,0,5,17,1,49,0,49
2023,New Mexico,0,0.2,11,39,5.9,27.6,0,2,10,55,33,25,55
2023,New York,0,0.2,16,1,8.0,0.0,0,2,15,1,44,0,44
2023,North Carolina,0,0.3,10,0,8.6,13.9,0,3,9,0,48,13,48
2023,North Dakota,0,0.2,5,2,9.9,17.5,0,2,5,3,52,16,52
2023,Ohio,0,0.2,14,2,10.6,21.2,0,2,13,3,54,19,54
2023,Oklahoma,0,0.4,11,1,8.8,22.8,0,5,10,1,49,21,49
2023,Oregon,0,0.2,11,1,8.5,12.5,0,2,10,1,47,11,47
2023,Pennsylvania,0,0.3,13,2,9.7,16.6,0,3,12,3,52,15,52
2023,Rhode Island,0,0.3,12,0,7.0,0.0,0,3,11,0,39,0,39
2023,South Carolina,0,0.1,8,0,8.7,16.3,0,1,8,0,48,15,48
2023,South Dakota,0,0.2,9,0,7.1,20.3,0,2,8,0,39,18,39
2023,Tennessee,0,0.3,11,3,8.8,19.8,0,3,10,4,49,18,49
2023,Texas,0,0.3,11,2,9.2,31.0,0,3,10,3,51,28,51
2023,Utah,0,0.2,12,1,7.1,17.9,0,2,11,1,39,16,39
2023,Vermont,0,0.2,9,0,6.3,0.0,0,2,8,0,35,0,35
2023,Virginia,0,0.3,12,1,8.3,15.9,0,3,11,1,46,14,46
2023,Washington,0,0.2,18,1,7.4,18.7,0,2,17,1,41,17,41
2023,West Virginia,0,0.2,0,2,10.1,18.1,0,2,0,3,53,16,53
2023,Wisconsin,0,0.2,10,1,9.2,18.6,0,2,9,1,51,17,51
2023,Wyoming,0,0.1,5,1,3.8,11.3,0,1,5,1,21,10,21
2023,Puerto Rico,0,0.2,9,1,4.0,40.1,0,2,8,1,22,37,37
2023,Virgin Islands,0,0.0,0,0,0.0,0.0,0,0,0,0,0,0,0
2023,Country Of Mexico,0,0.0,0,0,12.6,54.4,0,0,0,0,58,50,58
2024,Alabama,0,0.0,0,2,6.7,16.9,0,0,0,3,37,15,37
2024,Alaska,0,0.5,0,3,7.7,10.5,0,6,0,4,43,10,43
2024,Arizona,0,0.3,20,2,7.3,19.8,0,3,19,3,41,18,41
2024,Arkansas,0,0.1,5,1,7.3,0.0,0,1,5,1,41,0,41
2024,California,0,0.3,13,1,5.7,14.5,0,3,12,1,32,13,32
2024,Colorado,0,0.3,13,1,4.8,16.6,0,3,12,1,27,15,27
2024,Connecticut,0,0.2,17,0,5.3,10.0,0,2,16,0,29,9,29
2024,Delaware,0,0.0,18,0,6.7,0.0,0,0,17,0,37,0,37
2024,District Of Columbia,0,0.3,15,0,5.9,13.4,0,3,14,0,33,12,33
2024,Florida,0,0.3,14,1,7.2,17.2,0,3,13,1,40,16,40
2024,Georgia,0,0.4,21,2,9.4,15.7,0,5,20,3,52,14,52
2024,Hawaii,0,0.1,6,2,3.1,15.2,0,1,6,3,17,14,17
2024,Idaho,0,0.2,17,2,0.0,12.1,0,2,16,3,0,11,16
2024,Illinois,0,0.2,17,2,6.9,22.7,0,2,16,3,38,21,38
2024,Indiana,0,0.3,11,2,7.3,17.1,0,3,10,3,41,16,41
2024,Iowa,0,0.2,6,1,6.5,29.2,0,2,6,1,36,27,36
2024,Kansas,0,0.0,8,1,8.1,20.0,0,0,8,1,45,18,45
2024,Kentucky,0,0.3,13,2,6.8,14.4,0,3,12,3,38,13,38
2024,Louisiana,0,0.3,9,2,8.2,17.9,0,3,8,3,46,16,46
2024,Maine,0,0.2,7,0,4.9,13.1,0,2,7,0,27,12,27
2024,Maryland,0,0.2,14,0,5.4,0.0,0,2,13,0,30,0,30
2024,Massachusetts,0,0.2,11,0,4.9,10.3,0,2,10,0,27,9,27
2024,Michigan,0,0.4,16,2,8.1,16.3,0,5,15,3,45,15,45
2024,Minnesota,0,0.3,11,1,6.0,15.6,0,3,10,1,33,14,33
2024,Mississippi,0,0.3,9,1,7.6,12.9,0,3,8,1,42,12,42
2024,Missouri,0,0.3,15,6,7.6,23.2,0,3,14,8,42,21,42
2024,Montana,0,0.2,6,2,5.1,13.5,0,2,6,3,28,12,28
2024,Nebraska,0,0.2,0,2,5.5,19.6,0,2,0,3,31,18,31
2024,Nevada,0,0.3,21,1,4.1,14.9,0,3,20,1,23,14,23
2024,New Hampshire,0,0.1,5,1,4.0,8.0,0,1,5,1,22,7,22
2024,New Jersey,0,0.4,20,1,5.8,0.0,0,5,19,1,32,0,32
2024,New Mexico,0,0.2,12,1,5.1,28.3,0,2,11,1,28,26,28
2024,New York,0,0.2,16,2,5.9,0.0,0,2,15,3,33,0,33
2024,North Carolina,0,0.3,11,0,7.0,12.4,0,3,10,0,39,11,39
2024,North Dakota,0,0.2,4,2,4.6,11.2,0,2,4,3,26,10,26
2024,Ohio,0,0.2,14,1,7.6,17.9,0,2,13,1,42,16,42
2024,Oklahoma,0,0.4,11,1,8.5,19.7,0,5,10,1,47,18,47
2024,Oregon,0,0.2,13,0,5.6,8.2,0,2,12,0,31,7,31
2024,Pennsylvania,0,0.3,14,1,7.0,13.5,0,3,13,1,39,12,39
2024,Rhode Island,0,0.3,14,0,3.9,0.0,0,3,13,0,22,0,22
2024,South Carolina,0,0.1,8,0,8.2,15.7,0,1,8,0,46,14,46
2024,South Dakota,0,0.1,9,0,4.3,12.2,0,1,8,0,24,11,24
2024,Tennessee,0,0.3,12,3,7.1,15.8,0,3,11,4,39,14,39
2024,Texas,0,0.3,12,3,8.7,32.6,0,3,11,4,48,30,48
2024,Utah,0,0.2,11,1,5.3,16.7,0,2,10,1,29,15,29
2024,Vermont,0,0.2,12,0,5.1,0.0,0,2,11,0,28,0,28
2024,Virginia,0,0.2,12,1,6.6,12.7,0,2,11,1,37,12,37
2024,Washington,0,0.2,19,0,5.5,12.1,0,2,18,0,31,11,31
2024,West Virginia,0,0.2,0,2,7.7,11.8,0,2,0,3,43,11,43
2024,Wisconsin,0,0.3,13,1,6.6,12.2,0,3,12,1,37,11,37
2024,Wyoming,0,0.1,4,1,2.6,7.5,0,1,4,1,14,7,14
2024,Puerto Rico,0,0.2,0,0,6.8,43.6,0,2,0,0,38,40,40
2024,Country Of Mexico,0,0.0,0,0,10.9,57.0,0,0,0,0,54,52,54
