Year,State Name,Ozone Average,Carbon Average,Nitrogen Average,Sulfur Average,PM2.5 Average,PM10 Average,Ozone AQI,Carbon AQI,Nitrogen AQI,Sulfur AQI,PM2.5 AQI,PM10 AQI,Overall AQI,Population
2000,Alabama,0,1,18,10,0,38.9,0,11,17,14,0,35,35,4452173
2000,Alaska,0,1.4,0,0,0,0,0,16,0,0,0,0,16,627963
2000,Arizona,0,1,34,10,0,45.9,0,11,32,14,0,42,42,5160586
2000,Arkansas,0,1.2,17,8,0,0,0,14,16,11,0,0,16,2678588
2000,California,0,0.7,25,4,0,20.8,0,8,24,6,0,19,24,33987977
2000,Colorado,0,0.7,23,7,0,20.8,0,8,22,10,0,19,22,4326921
2000,Connecticut,0,0.8,22,7,0,31.2,0,9,21,10,0,28,28,3411777
2000,Delaware,0,0.6,28,11,0,0,0,7,26,15,0,0,26,786373
2000,Florida,0,0.7,17,9,0,21.9,0,8,16,13,0,20,20,16047515
2000,Georgia,0,0.7,21,8,0,26.6,0,8,20,11,0,24,24,8227303
2000,Hawaii,0,0.5,7,8,0,0,0,6,7,11,0,0,11,1213519
2000,Idaho,0,1.1,25,17,0,27.1,0,12,24,24,0,25,25,1299430
2000,Illinois,0,0.8,27,12,0,0,0,9,25,17,0,0,25,12434161
2000,Indiana,0,0.7,25,13,0,25.4,0,8,24,18,0,23,24,6091866
2000,Iowa,0,0.5,7,6,0,26.9,0,6,7,8,0,24,24,2929067
2000,Kansas,0,0.6,13,5,0,22.8,0,7,12,7,0,21,21,2693681
2000,Kentucky,0,0.3,22,13,0,0,0,3,21,18,0,0,21,4049021
2000,Louisiana,0,0.7,16,8,0,0,0,8,15,11,0,0,15,4471885
2000,Maine,0,0,9,6,0,17.6,0,0,8,8,0,16,16,1277072
2000,Maryland,0,0.6,23,13,0,0,0,7,22,18,0,0,22,5311034
2000,Massachusetts,0,0.6,20,10,0,0,0,7,19,14,0,0,19,6361104
2000,Michigan,0,0.3,22,11,0,34.4,0,3,21,15,0,31,31,9952450
2000,Minnesota,0,0.6,22,3,0,0,0,7,21,4,0,0,21,4933692
2000,Mississippi,0,0.3,12,5,0,23,0,3,11,7,0,21,21,2848353
2000,Missouri,0,0.7,19,11,0,38.6,0,8,18,15,0,35,35,5607285
2000,Montana,0,0.9,5,10,0,21.2,0,10,5,14,0,19,19,903773
2000,Nebraska,0,0.6,0,1,0,0,0,7,0,1,0,0,7,1713820
2000,Nevada,0,0.6,19,1,0,21.6,0,7,18,1,0,20,20,2018741
2000,New Hampshire,0,0.6,14,8,0,0,0,7,13,11,0,0,13,1239882
2000,New Jersey,0,0.9,31,8,0,0,0,10,29,11,0,0,29,8430621
2000,New Mexico,0,0.6,15,6,0,27.7,0,7,14,8,0,25,25,1821204
2000,New York,0,0.8,35,12,0,15.8,0,9,33,17,0,14,33,19001780
2000,North Carolina,0,0.7,26,8,0,21.2,0,8,25,11,0,19,25,8081614
2000,North Dakota,0,0,6,5,0,0,0,0,6,7,0,0,7,642023
2000,Ohio,0,0.6,29,13,0,24.4,0,7,27,18,0,22,27,11363543
2000,Oklahoma,0,0.5,15,7,0,21.7,0,6,14,10,0,20,20,3454365
2000,Oregon,0,1.3,17,0,0,0,0,15,16,0,0,0,16,3429708
2000,Pennsylvania,0,0.4,24,15,0,22.7,0,5,23,21,0,21,23,12284173
2000,Rhode Island,0,0.8,16,9,0,0,0,9,15,13,0,0,15,1050268
2000,South Carolina,0,0.5,12,4,0,33.5,0,6,11,6,0,31,31,4024223
2000,South Dakota,0,0,0,0,0,31.6,0,0,0,0,0,29,29,755844
2000,Tennessee,0,0.7,18,11,0,31.1,0,8,17,15,0,28,28,5703719
2000,Texas,0,0.6,18,6,0,0,0,7,17,8,0,0,17,20944499
2000,Utah,0,1.1,35,5,0,0,0,12,33,7,0,0,33,2244502
2000,Vermont,0,0.5,20,5,0,0,0,6,19,7,0,0,19,609618
2000,Virginia,0,0.5,22,10,0,0,0,6,21,14,0,0,21,7105817
2000,Washington,0,1.2,28,5,0,0,0,14,26,7,0,0,26,5910512
2000,West Virginia,0,0.6,0,23,0,26.6,0,7,0,32,0,24,32,1807021
2000,Wisconsin,0,0.3,21,10,0,0,0,3,20,14,0,0,20,5373999
2000,Wyoming,0,0,0,0,0,0,0,0,0,0,0,0,0,494300
2001,Alabama,0,1.2,14,7,0,36.9,0,14,13,10,0,34,34,4467634
2001,Alaska,0,1.4,0,0,0,0,0,16,0,0,0,0,16,633714
2001,Arizona,0,0.9,29,12,0,30.5,0,10,27,17,0,28,28,5273477
2001,Arkansas,0,0.8,17,5,0,0,0,9,16,7,0,0,16,2691571
2001,California,0,0.6,24,3,0,21.9,0,7,23,4,0,20,23,34479458
2001,Colorado,0,0.7,23,7,0,23.3,0,8,22,10,0,21,22,4425687
2001,Connecticut,0,0.9,26,8,0,36.8,0,10,25,11,0,34,34,3432835
2001,Delaware,0,0.5,28,11,0,0,0,6,26,15,0,0,26,795699
2001,Florida,0,0.7,16,8,0,21.1,0,8,15,11,0,19,19,16356966
2001,Georgia,0,0.7,21,7,0,25.3,0,8,20,10,0,23,23,8377038
2001,Hawaii,0,0.5,7,12,0,0,0,6,7,17,0,0,17,1225948
2001,Idaho,0,1.1,24,31,0,23.4,0,12,23,43,0,21,43,1319962
2001,Illinois,0,0.8,28,11,0,31.2,0,9,26,15,0,28,28,12488445
2001,Indiana,0,0.7,19,13,0,23.4,0,8,18,18,0,21,21,6127760
2001,Iowa,0,0.6,12,4,0,26.3,0,7,11,6,0,24,24,2931997
2001,Kansas,0,0.4,14,3,0,22,0,5,13,4,0,20,20,2702162
2001,Kentucky,0,0.3,21,10,0,0,0,3,20,14,0,0,20,4068132
2001,Louisiana,0,0.8,16,8,0,0,0,9,15,11,0,0,15,4477875
2001,Maine,0,0.4,20,6,0,21.2,0,5,19,8,0,19,19,1285692
2001,Maryland,0,0.4,25,13,0,0,0,5,24,18,0,0,24,5374691
2001,Massachusetts,0,0.5,21,8,0,0,0,6,20,11,0,0,20,6397634
2001,Michigan,0,0.3,27,10,0,34.9,0,3,25,14,0,32,32,9991120
2001,Minnesota,0,0.5,21,3,0,0,0,6,20,4,0,0,20,4982796
2001,Mississippi,0,0.4,11,4,0,20.1,0,5,10,6,0,18,18,2852994
2001,Missouri,0,0.6,18,11,0,47.7,0,7,17,15,0,43,43,5641142
2001,Montana,0,0.8,7,9,0,21.9,0,9,7,13,0,20,20,906961
2001,Nebraska,0,0.6,0,1,0,0,0,7,0,1,0,0,7,1719836
2001,Nevada,0,0.6,18,1,0,22.5,0,7,17,1,0,20,20,2098399
2001,New Hampshire,0,0.4,20,8,0,0,0,5,19,11,0,0,19,1255517
2001,New Jersey,0,0.8,31,9,0,0,0,9,29,13,0,0,29,8492671
2001,New Mexico,0,0.6,15,5,0,23,0,7,14,7,0,21,21,1831690
2001,New York,0,0.7,35,10,0,20.3,0,8,33,14,0,18,33,19082838
2001,North Carolina,0,0.7,25,7,0,21.4,0,8,24,10,0,19,24,8210122
2001,North Dakota,0,0,6,4,0,0,0,0,6,6,0,0,6,639062
2001,Ohio,0,0.6,29,13,0,24.8,0,7,27,18,0,23,27,11387404
2001,Oklahoma,0,0.5,16,7,0,23.5,0,6,15,10,0,21,21,3467100
2001,Oregon,0,1.1,17,0,0,0,0,12,16,0,0,0,16,3467937
2001,Pennsylvania,0,0.4,24,15,0,24.1,0,5,23,21,0,22,23,12298970
2001,Rhode Island,0,0.7,15,10,0,0,0,8,14,14,0,0,14,1057142
2001,South Carolina,0,0.5,13,5,0,30,0,6,12,7,0,27,27,4064995
2001,South Dakota,0,0,5,0,0,28.7,0,0,5,0,0,26,26,757972
2001,Tennessee,0,0.7,19,11,0,28.7,0,8,18,15,0,26,26,5750789
2001,Texas,0,0.6,18,6,0,47.4,0,7,17,8,0,43,43,21319622
2001,Utah,0,0.9,34,5,0,0,0,10,32,7,0,0,32,2283715
2001,Vermont,0,0.5,18,8,0,0,0,6,17,11,0,0,17,612223
2001,Virginia,0,0.6,23,10,0,0,0,7,22,14,0,0,22,7198362
2001,Washington,0,1.1,28,5,0,0,0,12,26,7,0,0,26,5985722
2001,West Virginia,0,0.6,0,22,0,28.6,0,7,0,31,0,26,31,1801481
2001,Wisconsin,0,0.4,25,8,0,0,0,5,24,11,0,0,24,5406835
2001,Wyoming,0,0.3,4,0,0,0,0,3,4,0,0,0,4,494657
2002,Alabama,0,0.7,11,6,0,29.3,0,8,10,8,0,27,27,4480089
2002,Alaska,0,1.2,0,0,0,0,0,14,0,0,0,0,14,642337
2002,Arizona,0,0.9,28,10,0,30.4,0,10,26,14,0,28,28,5396255
2002,Arkansas,0,0.6,25,4,0,0,0,7,24,6,0,0,24,2705927
2002,California,0,0.6,23,3,0,23,0,7,22,4,0,21,22,34871843
2002,Colorado,0,0.7,23,10,0,25.6,0,8,22,14,0,23,23,4490406
2002,Connecticut,0,0.8,28,7,0,33.2,0,9,26,10,0,30,30,3458749
2002,Delaware,0,0.5,27,10,0,0,0,6,25,14,0,0,25,806169
2002,Florida,0,0.6,15,8,0,19.2,0,7,14,11,0,17,17,16689370
2002,Georgia,0,0.5,19,7,0,21.8,0,6,18,10,0,20,20,8508256
2002,Hawaii,0,0.6,8,16,0,0,0,7,8,22,0,0,22,1239613
2002,Idaho,0,0.6,16,13,0,22.9,0,7,15,18,0,21,21,1340372
2002,Illinois,0,0.8,27,10,0,32.4,0,9,25,14,0,30,30,12525556
2002,Indiana,0,0.7,21,12,0,26.2,0,8,20,17,0,24,24,6155967
2002,Iowa,0,0.5,11,5,0,25.3,0,6,10,7,0,23,23,2934234
2002,Kansas,0,0.4,14,4,0,20.6,0,5,13,6,0,19,19,2713535
2002,Kentucky,0,0.4,19,9,0,22.7,0,5,18,13,0,21,21,4089875
2002,Louisiana,0,0.6,15,8,0,0,0,7,14,11,0,0,14,4497267
2002,Maine,0,0.4,21,5,0,16.7,0,5,20,7,0,15,20,1295960
2002,Maryland,0,0.5,25,12,0,0,0,6,24,17,0,0,24,5440389
2002,Massachusetts,0,0.5,20,7,0,0,0,6,19,10,0,0,19,6417206
2002,Michigan,0,0.4,27,8,0,37.8,0,5,25,11,0,34,34,10015710
2002,Minnesota,0,0.4,16,2,0,19.6,0,5,15,3,0,18,18,5018935
2002,Mississippi,0,0.4,10,4,0,0,0,5,9,6,0,0,9,2858681
2002,Missouri,0,0.5,19,10,0,45.8,0,6,18,14,0,42,42,5674825
2002,Montana,0,0.7,6,8,0,20.4,0,8,6,11,0,19,19,911667
2002,Nebraska,0,0.6,0,1,0,0,0,7,0,1,0,0,7,1728292
2002,Nevada,0,0.6,20,1,0,22.2,0,7,19,1,0,20,20,2173791
2002,New Hampshire,0,0.4,16,7,0,0,0,5,15,10,0,0,15,1269089
2002,New Jersey,0,0.7,30,8,0,0,0,8,28,11,0,0,28,8552643
2002,New Mexico,0,0.5,14,3,0,30.7,0,6,13,4,0,28,28,1855309
2002,New York,0,0.6,33,9,0,20.9,0,7,31,13,0,19,31,19137800
2002,North Carolina,0,0.6,22,9,0,20.4,0,7,21,13,0,19,21,8326201
2002,North Dakota,0,0,5,4,0,0,0,0,5,6,0,0,6,638168
2002,Ohio,0,0.5,28,13,0,23.4,0,6,26,18,0,21,26,11407889
2002,Oklahoma,0,0.4,15,6,0,24.6,0,5,14,8,0,22,22,3489080
2002,Oregon,0,1.1,17,0,0,0,0,12,16,0,0,0,16,3513424
2002,Pennsylvania,0,0.3,22,14,0,20.9,0,3,21,19,0,19,21,12331031
2002,Rhode Island,0,0.7,14,8,0,0,0,8,13,11,0,0,13,1065995
2002,South Carolina,0,0.5,11,4,0,27.2,0,6,10,6,0,25,25,4107795
2002,South Dakota,0,0,3,1,0,32.7,0,0,3,1,0,30,30,760020
2002,Tennessee,0,0.7,17,10,0,24.8,0,8,16,14,0,23,23,5795918
2002,Texas,0,0.5,17,4,0,41.6,0,6,16,6,0,38,38,21690325
2002,Utah,0,0.9,33,5,0,0,0,10,31,7,0,0,31,2324815
2002,Vermont,0,0.7,17,8,0,0,0,8,16,11,0,0,16,615442
2002,Virginia,0,0.5,22,8,0,0,0,6,21,11,0,0,21,7286873
2002,Washington,0,1,26,4,0,0,0,11,25,6,0,0,25,6052349
2002,West Virginia,0,1,0,20,0,26.6,0,11,0,28,0,24,28,1805414
2002,Wisconsin,0,0.4,22,6,0,0,0,5,21,8,0,0,21,5445162
2002,Wyoming,0,0.3,4,10,0,0,0,3,4,14,0,0,14,500017
2003,Alabama,0,0.4,10,7,0,36.8,0,5,9,10,0,34,34,4503491
2003,Alaska,0,1.1,0,0,0,0,0,12,0,0,0,0,12,648414
2003,Arizona,0,0.8,27,10,0,27.8,0,9,25,14,0,25,25,5510364
2003,Arkansas,0,0.5,22,4,0,0,0,6,21,6,0,0,21,2724816
2003,California,0,0.6,22,3,0,19.1,0,7,21,4,0,17,21,35253159
2003,Colorado,0,0.7,25,7,0,23.3,0,8,24,10,0,21,24,4528732
2003,Connecticut,0,0.8,26,7,0,40.8,0,9,25,10,0,37,37,3484336
2003,Delaware,0,0.5,27,12,0,20.9,0,6,25,17,0,19,25,818003
2003,Florida,0,0.6,15,6,0,20.8,0,7,14,8,0,19,19,17004085
2003,Georgia,0,0.5,17,6,0,22.1,0,6,16,8,0,20,20,8622793
2003,Hawaii,0,0.5,8,20,0,0,0,6,8,28,0,0,28,1251154
2003,Idaho,0,0.9,13,19,0,21.7,0,10,12,26,0,20,26,1363380
2003,Illinois,0,0.7,28,9,0,28.2,0,8,26,13,0,26,26,12556006
2003,Indiana,0,0.7,21,13,0,26.5,0,8,20,18,0,24,24,6196638
2003,Iowa,0,0.5,12,6,0,25.9,0,6,11,8,0,24,24,2941999
2003,Kansas,0,0.3,14,5,0,21.7,0,3,13,7,0,20,20,2723004
2003,Kentucky,0,0.4,18,8,0,24.6,0,5,17,11,0,22,22,4117170
2003,Louisiana,0,0.8,15,7,0,0,0,9,14,10,0,0,14,4521042
2003,Maine,0,0.4,19,4,0,15.5,0,5,18,6,0,14,18,1306513
2003,Maryland,0,0.4,24,12,0,16.5,0,5,23,17,0,15,23,5496269
2003,Massachusetts,0,0.5,18,7,0,0,0,6,17,10,0,0,17,6422565
2003,Michigan,0,0.4,27,7,0,45,0,5,25,10,0,41,41,10041152
2003,Minnesota,0,0.3,12,3,0,25.5,0,3,11,4,0,23,23,5053572
2003,Mississippi,0,0.4,6,4,0,0,0,5,6,6,0,0,6,2868312
2003,Missouri,0,0.5,18,10,0,39.7,0,6,17,14,0,36,36,5709403
2003,Montana,0,0.8,6,7,0,20.8,0,9,6,10,0,19,19,919630
2003,Nebraska,0,0.6,0,2,0,0,0,7,0,3,0,0,7,1738643
2003,Nevada,0,0.6,19,1,0,22.4,0,7,18,1,0,20,20,2248850
2003,New Hampshire,0,0.5,16,9,0,0,0,6,15,13,0,0,15,1279840
2003,New Jersey,0,0.7,30,9,0,0,0,8,28,13,0,0,28,8601402
2003,New Mexico,0,0.5,15,3,0,45.4,0,6,14,4,0,41,41,1877574
2003,New York,0,0.6,32,9,0,21.2,0,7,30,13,0,19,30,19175939
2003,North Carolina,0,0.6,23,8,0,20,0,7,22,11,0,18,22,8422501
2003,North Dakota,0,0,5,4,0,6.5,0,0,5,6,0,6,6,638817
2003,Ohio,0,0.5,27,13,0,21.7,0,6,25,18,0,20,25,11434788
2003,Oklahoma,0,0.4,14,7,0,23.8,0,5,13,10,0,22,22,3504892
2003,Oregon,0,1,19,2,0,0,0,11,18,3,0,0,18,3547376
2003,Pennsylvania,0,0.3,21,14,0,22.1,0,3,20,19,0,20,20,12374658
2003,Rhode Island,0,0.6,14,9,0,0,0,7,13,13,0,0,13,1071342
2003,South Carolina,0,0.4,11,4,0,26.5,0,5,10,6,0,24,24,4150297
2003,South Dakota,0,0,13,2,0,31.7,0,0,12,3,0,29,29,763729
2003,Tennessee,0,0.8,14,10,0,40.3,0,9,13,14,0,37,37,5847812
2003,Texas,0,0.5,17,5,0,47,0,6,16,7,0,43,43,22030931
2003,Utah,0,0.8,31,4,0,0,0,9,29,6,0,0,29,2360137
2003,Vermont,0,0.5,20,8,0,0,0,6,19,11,0,0,19,617858
2003,Virginia,0,0.5,24,8,0,0,0,6,23,11,0,0,23,7366977
2003,Washington,0,1,15,4,0,0,0,11,14,6,0,0,14,6104115
2003,West Virginia,0,0.8,25,20,0,26,0,9,24,28,0,24,28,1812295
2003,Wisconsin,0,0.5,14,6,0,0,0,6,13,8,0,0,13,5479203
2003,Wyoming,0,0.2,8,7,0,0,0,2,8,10,0,0,10,503453
2004,Alabama,0,0.5,8,5,0,33,0,6,8,7,0,30,30,4530729
2004,Alaska,0,1.1,0,0,0,0,0,12,0,0,0,0,12,659286
2004,Arizona,0,0.6,24,11,0,27.7,0,7,23,15,0,25,25,5652404
2004,Arkansas,0,0.4,21,3,0,0,0,5,20,4,0,0,20,2749686
2004,California,0,0.5,21,3,0,21.2,0,6,20,4,0,19,20,35574576
2004,Colorado,0,0.6,18,6,0,25.6,0,7,17,8,0,23,23,4575013
2004,Connecticut,0,0.8,25,7,0,40.4,0,9,24,10,0,37,37,3496094
2004,Delaware,0,0.4,26,10,0,19.4,0,5,25,14,0,18,25,830803
2004,Florida,0,0.6,14,5,0,22.9,0,7,13,7,0,21,21,17415318
2004,Georgia,0,0.5,18,6,0,22.7,0,6,17,8,0,21,21,8769252
2004,Hawaii,0,0.6,7,18,0,0,0,7,7,25,0,0,25,1273569
2004,Idaho,0,1,14,12,0,20,0,11,13,17,0,18,18,1391802
2004,Illinois,0,0.7,26,9,0,29.3,0,8,25,13,0,27,27,12589773
2004,Indiana,0,0.7,17,12,0,25.9,0,8,16,17,0,24,24,6233007
2004,Iowa,0,0.5,10,6,0,23.9,0,6,9,8,0,22,22,2953635
2004,Kansas,0,0.4,13,3,0,18.1,0,5,12,4,0,16,16,2734373
2004,Kentucky,0,0.6,16,9,0,21.8,0,7,15,13,0,20,20,4146101
2004,Louisiana,0,0.7,14,8,0,0,0,8,13,11,0,0,13,4552238
2004,Maine,0,0.3,12,4,0,14.9,0,3,11,6,0,14,14,1313688
2004,Maryland,0,0.5,26,11,0,20.3,0,6,25,15,0,18,25,5546935
2004,Massachusetts,0,0.3,15,6,0,0,0,3,14,8,0,0,14,6412281
2004,Michigan,0,0.3,23,8,0,36.7,0,3,22,11,0,33,33,10055315
2004,Minnesota,0,0.3,10,2,0,23.5,0,3,9,3,0,21,21,5087713
2004,Mississippi,0,0.4,8,4,0,0,0,5,8,6,0,0,8,2889010
2004,Missouri,0,0.4,18,7,0,39.7,0,5,17,10,0,36,36,5747741
2004,Montana,0,0.6,2,7,0,21,0,7,2,10,0,19,19,930009
2004,Nebraska,0,0.5,0,3,0,24.7,0,6,0,4,0,22,22,1749370
2004,Nevada,0,0.6,19,2,0,29.7,0,7,18,3,0,27,27,2346222
2004,New Hampshire,0,0.5,11,10,0,0,0,6,10,14,0,0,14,1290121
2004,New Jersey,0,0.6,27,8,0,0,0,7,25,11,0,0,25,8634561
2004,New Mexico,0,0.3,16,3,0,31.5,0,3,15,4,0,29,29,1903808
2004,New York,0,0.5,30,8,0,11.6,0,6,28,11,0,11,28,19171567
2004,North Carolina,0,0.6,21,7,0,21,0,7,20,10,0,19,20,8553152
2004,North Dakota,0,0,5,4,0,13,0,0,5,6,0,12,12,644705
2004,Ohio,0,0.5,25,12,0,22.5,0,6,24,17,0,20,24,11452251
2004,Oklahoma,0,0.2,11,7,0,19.9,0,2,10,10,0,18,18,3525233
2004,Oregon,0,0.9,14,3,0,0,0,10,13,4,0,0,13,3569463
2004,Pennsylvania,0,0.4,20,13,0,21.8,0,5,19,18,0,20,20,12410722
2004,Rhode Island,0,0.5,13,9,0,0,0,6,12,13,0,0,13,1074579
2004,South Carolina,0,0.3,13,4,0,28,0,3,12,6,0,26,26,4210921
2004,South Dakota,0,0,11,1,0,34.5,0,0,10,1,0,31,31,770396
2004,Tennessee,0,0.6,17,10,0,41,0,7,16,14,0,37,37,5910809
2004,Texas,0,0.5,15,5,0,37.6,0,6,14,7,0,34,34,22394023
2004,Utah,0,0.8,30,5,0,0,0,9,28,7,0,0,28,2401580
2004,Vermont,0,0.5,19,6,0,0,0,6,18,8,0,0,18,619920
2004,Virginia,0,0.4,21,7,0,0,0,5,20,10,0,0,20,7475575
2004,Washington,0,1,18,4,0,20.6,0,11,17,6,0,19,19,6178645
2004,West Virginia,0,0.6,25,20,0,25.6,0,7,24,28,0,23,28,1816438
2004,Wisconsin,0,0.5,11,6,0,20.2,0,6,10,8,0,18,18,5514026
2004,Wyoming,0,0.3,9,6,0,4.3,0,3,8,8,0,4,8,509106
2005,Alabama,0,0.7,9,6,0,33.5,0,8,8,8,0,31,31,4569805
2005,Alaska,0,1,0,0,0,0,0,11,0,0,0,0,11,666946
2005,Arizona,0,0.6,23,8,0,47.2,0,7,22,11,0,43,43,5839077
2005,Arkansas,0,0.4,21,3,0,0,0,5,20,4,0,0,20,2781097
2005,California,0,0.5,20,3,0,20.5,0,6,19,4,0,19,19,35827943
2005,Colorado,0,0.6,19,5,0,28.1,0,7,18,7,0,26,26,4631888
2005,Connecticut,0,0.8,26,7,0,0,0,9,25,10,0,0,25,3506956
2005,Delaware,0,0.5,25,12,0,22.1,0,6,24,17,0,20,24,845150
2005,Florida,0,0.5,14,5,0,21.6,0,6,13,7,0,20,20,17842038
2005,Georgia,0,0.5,17,7,0,24.6,0,6,16,10,0,22,22,8925922
2005,Hawaii,0,0.5,7,22,0,0,0,6,7,31,0,0,31,1292729
2005,Idaho,0,0.9,11,7,0,21.2,0,10,10,10,0,19,19,1428241
2005,Illinois,0,0.6,27,9,0,29.3,0,7,25,13,0,27,27,12609903
2005,Indiana,0,0.6,18,12,0,28.3,0,7,17,17,0,26,26,6278616
2005,Iowa,0,0.3,12,7,0,23,0,3,11,10,0,21,21,2964454
2005,Kansas,0,0.5,14,2,0,19.8,0,6,13,3,0,18,18,2745299
2005,Kentucky,0,0.5,17,10,0,24.1,0,6,16,14,0,22,22,4182742
2005,Louisiana,0,0.6,15,8,0,0,0,7,14,11,0,0,14,4576628
2005,Maine,0,0.2,12,4,0,14.5,0,2,11,6,0,13,13,1318787
2005,Maryland,0,0.4,22,12,0,22,0,5,21,17,0,20,21,5592379
2005,Massachusetts,0,0.4,16,7,0,0,0,5,15,10,0,0,15,6403290
2005,Michigan,0,0.3,25,8,0,34.1,0,3,24,11,0,31,31,10051137
2005,Minnesota,0,0.3,15,2,0,22.1,0,3,14,3,0,20,20,5119598
2005,Mississippi,0,0.4,9,4,0,0,0,5,8,6,0,0,8,2905943
2005,Missouri,0,0.4,19,9,0,44.6,0,5,18,13,0,41,41,5790300
2005,Montana,0,0.6,7,9,0,22.3,0,7,7,13,0,20,20,940102
2005,Nebraska,0,0.5,0,4,0,31.3,0,6,0,6,0,29,29,1761497
2005,Nevada,0,0.6,20,5,0,26.7,0,7,19,7,0,24,24,2432143
2005,New Hampshire,0,0.6,11,10,0,0,0,7,10,14,0,0,14,1298492
2005,New Jersey,0,0.6,28,8,0,0,0,7,26,11,0,0,26,8651974
2005,New Mexico,0,0.4,16,2,0,36.8,0,5,15,3,0,34,34,1932274
2005,New York,0,0.5,31,7,0,13,0,6,29,10,0,12,29,19132610
2005,North Carolina,0,0.6,20,7,0,20.8,0,7,19,10,0,19,19,8705407
2005,North Dakota,0,0,5,3,0,10.7,0,0,5,4,0,10,10,646089
2005,Ohio,0,0.5,27,13,0,26.3,0,6,25,18,0,24,25,11463320
2005,Oklahoma,0,0.2,15,7,0,26,0,2,14,10,0,24,24,3548597
2005,Oregon,0,0.9,16,3,0,0,0,10,15,4,0,0,15,3613202
2005,Pennsylvania,0,0.3,21,13,0,23.1,0,3,20,18,0,21,21,12449990
2005,Rhode Island,0,0.5,13,8,0,0,0,6,12,11,0,0,12,1067916
2005,South Carolina,0,0.3,12,5,0,27.9,0,3,11,7,0,25,25,4270150
2005,South Dakota,0,0,4,1,0,24,0,0,4,1,0,22,22,775493
2005,Tennessee,0,0.6,14,9,0,34.1,0,7,13,13,0,31,31,5991057
2005,Texas,0,0.4,16,5,0,36.7,0,5,15,7,0,33,33,22778123
2005,Utah,0,0.8,29,5,0,0,0,9,27,7,0,0,27,2457719
2005,Vermont,0,0.5,18,9,0,0,0,6,17,13,0,0,17,621215
2005,Virginia,0,0.4,22,8,0,0,0,5,21,11,0,0,21,7577105
2005,Washington,0,0.9,19,5,0,21.1,0,10,18,7,0,19,19,6257305
2005,West Virginia,0,0.4,26,20,0,22.6,0,5,25,28,0,21,28,1820492
2005,Wisconsin,0,0.4,13,8,0,20,0,5,12,11,0,18,18,5546166
2005,Wyoming,0,0.2,9,4,0,9.2,0,2,8,6,0,8,8,514157
2006,Alabama,0,0.7,0,5,0,31.8,0,8,0,7,0,29,29,4628981
2006,Alaska,0,0.9,0,0,0,0,0,10,0,0,0,0,10,675302
2006,Arizona,0,0.6,23,8,0,51.9,0,7,22,11,0,47,47,6029141
2006,Arkansas,0,0.6,19,4,0,0,0,7,18,6,0,0,18,2821761
2006,California,0,0.5,20,3,0,27.2,0,6,19,4,0,25,25,36021202
2006,Colorado,0,0.5,19,6,0,28.3,0,6,18,8,0,26,26,4720423
2006,Connecticut,0,0.7,22,5,0,0,0,8,21,7,0,0,21,3517460
2006,Delaware,0,0.4,26,10,0,22.1,0,5,25,14,0,20,25,859268
2006,Florida,0,0.5,13,4,0,21.9,0,6,12,6,0,20,20,18166990
2006,Georgia,0,0.5,17,7,0,22.5,0,6,16,10,0,20,20,9155813
2006,Hawaii,0,0.4,7,24,0,0,0,5,7,33,0,0,33,1309731
2006,Idaho,0,0.6,11,9,0,18.1,0,7,10,13,0,16,16,1468669
2006,Illinois,0,0.5,26,8,0,26.5,0,6,25,11,0,24,25,12643955
2006,Indiana,0,0.6,15,11,0,23.9,0,7,14,15,0,22,22,6332669
2006,Iowa,0,0.3,15,6,0,14.2,0,3,14,8,0,13,14,2982644
2006,Kansas,0,0.4,13,2,0,22.1,0,5,12,3,0,20,20,2762931
2006,Kentucky,0,0.7,17,8,0,22.1,0,8,16,11,0,20,20,4219239
2006,Louisiana,0,0.5,14,6,0,0,0,6,13,8,0,0,13,4302665
2006,Maine,0,0.2,8,3,0,15.5,0,2,8,4,0,14,14,1323619
2006,Maryland,0,0.5,21,8,0,0,0,6,20,11,0,0,20,5627367
2006,Massachusetts,0,0.4,15,5,0,0,0,5,14,7,0,0,14,6410084
2006,Michigan,0,0.3,21,8,0,29.6,0,3,20,11,0,27,27,10036081
2006,Minnesota,0,0.2,15,2,0,21.8,0,2,14,3,0,20,20,5163555
2006,Mississippi,0,0,14,6,0,0,0,0,13,8,0,0,13,2904978
2006,Missouri,0,0.4,17,10,0,44.2,0,5,16,14,0,40,40,5842704
2006,Montana,0,0.6,4,6,0,25.2,0,7,4,8,0,23,23,952692
2006,Nebraska,0,0.5,0,3,0,31.9,0,6,0,4,0,29,29,1772693
2006,Nevada,0,0.6,19,1,0,27.5,0,7,18,1,0,25,25,2522658
2006,New Hampshire,0,0.5,8,9,0,0,0,6,8,13,0,0,13,1308389
2006,New Jersey,0,0.5,26,6,0,0,0,6,25,8,0,0,25,8661679
2006,New Mexico,0,0.3,16,2,0,35.1,0,3,15,3,0,32,32,1962137
2006,New York,0,0.4,28,6,0,12.2,0,5,26,8,0,11,26,19104631
2006,North Carolina,0,0.6,19,6,0,19.9,0,7,18,8,0,18,18,8917270
2006,North Dakota,0,0,5,2,0,12.6,0,0,5,3,0,11,11,649422
2006,Ohio,0,0.4,24,11,0,21.8,0,5,23,15,0,20,23,11481213
2006,Oklahoma,0,0.3,12,6,0,24.1,0,3,11,8,0,22,22,3594090
2006,Oregon,0,0.7,16,2,0,0,0,8,15,3,0,0,15,3670883
2006,Pennsylvania,0,0.3,19,11,0,21,0,3,18,15,0,19,19,12510809
2006,Rhode Island,0,0.5,12,6,0,0,0,6,11,8,0,0,11,1063096
2006,South Carolina,0,0.3,11,4,0,24.7,0,3,10,6,0,22,22,4357847
2006,South Dakota,0,0,4,1,0,17.9,0,0,4,1,0,16,16,783033
2006,Tennessee,0,0.6,14,9,0,35.9,0,7,13,13,0,33,33,6088766
2006,Texas,0,0.4,15,4,0,43.2,0,5,14,6,0,39,39,23359580
2006,Utah,0,0.7,28,4,0,0,0,8,26,6,0,0,26,2525507
2006,Vermont,0,0.4,16,8,0,0,0,5,15,11,0,0,15,622892
2006,Virginia,0,0.5,20,7,0,0,0,6,19,10,0,0,19,7673725
2006,Washington,0,0.8,18,3,0,19.7,0,9,17,4,0,18,18,6370753
2006,West Virginia,0,0.4,0,19,0,22.6,0,5,0,26,0,21,26,1827912
2006,Wisconsin,0,0.4,13,7,0,14.7,0,5,12,10,0,13,13,5577655
2006,Wyoming,0,0.1,10,4,0,16.5,0,1,9,6,0,15,15,522667
2007,Alabama,0,0.6,0,6,0,36.8,0,7,0,8,0,34,34,4672840
2007,Alaska,0,0.8,0,0,0,0,0,9,0,0,0,0,9,680300
2007,Arizona,0,0.5,27,8,0,49.6,0,6,25,11,0,45,45,6167681
2007,Arkansas,0,0.6,18,4,0,0,0,7,17,6,0,0,17,2848650
2007,California,0,0.4,20,2,0,30.5,0,5,19,3,0,28,28,36250311
2007,Colorado,0,0.5,19,5,0,26.5,0,6,18,7,0,24,24,4803868
2007,Connecticut,0,0.5,20,4,0,0,0,6,19,6,0,0,19,3527270
2007,Delaware,0,0.3,25,8,0,22.7,0,3,24,11,0,21,24,871749
2007,Florida,0,0.5,12,4,0,20.8,0,6,11,6,0,19,19,18367842
2007,Georgia,0,0.4,15,6,0,26.8,0,5,14,8,0,24,24,9349988
2007,Hawaii,0,0.4,7,20,0,0,0,5,7,28,0,0,28,1315675
2007,Idaho,0,0.6,6,9,0,19,0,7,6,13,0,17,17,1505105
2007,Illinois,0,0.4,26,8,0,30.7,0,5,25,11,0,28,28,12695866
2007,Indiana,0,0.5,15,10,0,25.6,0,6,14,14,0,23,23,6379599
2007,Iowa,0,0.3,14,5,0,29.5,0,3,13,7,0,27,27,2999212
2007,Kansas,0,0.4,12,3,0,21.1,0,5,11,4,0,19,19,2783785
2007,Kentucky,0,0.6,15,9,0,23.6,0,7,14,13,0,21,21,4256672
2007,Louisiana,0,0.4,14,10,0,0,0,5,13,14,0,0,14,4375581
2007,Maine,0,0.2,3,1,0,16.3,0,2,3,1,0,15,15,1327040
2007,Maryland,0,0.4,22,8,0,0,0,5,21,11,0,0,21,5653408
2007,Massachusetts,0,0.4,16,6,0,0,0,5,15,8,0,0,15,6431559
2007,Michigan,0,0.3,22,7,0,31.1,0,3,21,10,0,28,28,10001284
2007,Minnesota,0,0.2,14,2,0,21.3,0,2,13,3,0,19,19,5207203
2007,Mississippi,0,0,11,5,0,0,0,0,10,7,0,0,10,2928350
2007,Missouri,0,0.4,16,9,0,33.6,0,5,15,13,0,31,31,5887612
2007,Montana,0,0.5,7,7,0,25.6,0,6,7,10,0,23,23,964706
2007,Nebraska,0,0.5,0,3,0,29.8,0,6,0,4,0,27,27,1783440
2007,Nevada,0,0.5,19,1,0,25.4,0,6,18,1,0,23,23,2601072
2007,New Hampshire,0,0.5,9,11,0,0,0,6,8,15,0,0,15,1312540
2007,New Jersey,0,0.4,24,5,0,0,0,5,23,7,0,0,23,8677885
2007,New Mexico,0,0.3,15,2,0,31.2,0,3,14,3,0,28,28,1990070
2007,New York,0,0.5,26,6,0,12.6,0,6,25,8,0,11,25,19132335
2007,North Carolina,0,0.5,21,6,0,19.5,0,6,20,8,0,18,20,9118037
2007,North Dakota,0,0,5,3,0,12.2,0,0,5,4,0,11,11,652822
2007,Ohio,0,0.4,21,10,0,23.4,0,5,20,14,0,21,21,11500468
2007,Oklahoma,0,0.2,11,5,0,22.9,0,2,10,7,0,21,21,3634349
2007,Oregon,0,0.6,15,2,0,0,0,7,14,3,0,0,14,3722417
2007,Pennsylvania,0,0.3,18,11,0,20.6,0,3,17,15,0,19,19,12563937
2007,Rhode Island,0,0.5,10,7,0,0,0,6,9,10,0,0,10,1057315
2007,South Carolina,0,0.2,10,4,0,21.7,0,2,9,6,0,20,20,4444110
2007,South Dakota,0,0,3,1,0,19.3,0,0,3,1,0,18,18,791623
2007,Tennessee,0,0.5,14,9,0,35.6,0,6,13,13,0,32,32,6175727
2007,Texas,0,0.3,15,3,0,31.8,0,3,14,4,0,29,29,23831983
2007,Utah,0,0.7,29,4,0,0,0,8,27,6,0,0,27,2597746
2007,Vermont,0,0.5,16,8,0,0,0,6,15,11,0,0,15,623481
2007,Virginia,0,0.4,17,7,0,0,0,5,16,10,0,0,16,7751000
2007,Washington,0,0.6,13,3,0,19.7,0,7,12,4,0,18,18,6461587
2007,West Virginia,0,0.4,0,19,0,24.6,0,5,0,26,0,22,26,1834052
2007,Wisconsin,0,0.2,12,7,0,17.2,0,2,11,10,0,16,16,5610775
2007,Wyoming,0,0.2,7,2,0,18.4,0,2,7,3,0,17,17,534876
2008,Alabama,0,0.6,0,7,0,28.8,0,7,0,10,0,26,26,4718206
2008,Alaska,0,0.9,0,0,0,0,0,10,0,0,0,0,10,687455
2008,Arizona,0,0.4,26,11,0,42.3,0,5,25,15,0,39,39,6280362
2008,Arkansas,0,0.4,16,3,0,0,0,5,15,4,0,0,15,2874554
2008,California,0,0.4,19,2,20.8,33,0,5,18,3,73,30,73,36604337
2008,Colorado,0,0.4,17,5,0,27.1,0,5,16,7,0,25,25,4889730
2008,Connecticut,0,0.5,18,3,0,0,0,6,17,4,0,0,17,3545579
2008,Delaware,0,0.3,24,7,0,19.3,0,3,23,10,0,18,23,883874
2008,Florida,0,0.5,11,3,0,19.6,0,6,10,4,0,18,18,18527305
2008,Georgia,0,0.4,14,6,0,22.2,0,5,13,8,0,20,20,9504843
2008,Hawaii,0,0.4,6,35,8.8,0,0,5,6,49,49,0,49,1332213
2008,Idaho,0,0.7,6,9,0,22.1,0,8,6,13,0,20,20,1534320
2008,Illinois,0,0.4,27,7,0,27.6,0,5,25,10,0,25,25,12747038
2008,Indiana,0,0.5,15,10,13.4,23.9,0,6,14,14,59,22,59,6424806
2008,Iowa,0,0.3,14,5,0,22.5,0,3,13,7,0,20,20,3016734
2008,Kansas,0,0.4,12,3,0,20.4,0,5,11,4,0,19,19,2808076
2008,Kentucky,0,0.4,14,7,0,19.9,0,5,13,10,0,18,18,4289878
2008,Louisiana,0,0.3,13,9,0,0,0,3,12,13,0,0,13,4435586
2008,Maine,0,0.2,11,2,0,14.7,0,2,10,3,0,13,13,1330509
2008,Maryland,0,0.3,21,6,12.2,0,0,3,20,8,57,0,57,5684965
2008,Massachusetts,0,0.3,16,5,0,0,0,3,15,7,0,0,15,6468967
2008,Michigan,0,0.3,20,7,0,26,0,3,19,10,0,24,24,9946889
2008,Minnesota,0,0.2,13,2,0,20.3,0,2,12,3,0,18,18,5247018
2008,Mississippi,0,0,11,5,0,0,0,0,10,7,0,0,10,2947806
2008,Missouri,0,0.3,15,11,0,26.2,0,3,14,15,0,24,24,5923916
2008,Montana,0,0.4,3,7,8.1,23.4,0,5,3,10,45,21,45,976415
2008,Nebraska,0,0.5,0,2,0,32.2,0,6,0,3,0,29,29,1796378
2008,Nevada,0,0.5,23,0,0,19.1,0,6,22,0,0,17,22,2653630
2008,New Hampshire,0,0.5,9,10,8.6,0,0,6,8,14,48,0,48,1315906
2008,New Jersey,0,0.4,23,4,0,0,0,5,22,6,0,0,22,8711090
2008,New Mexico,0,0.3,14,1,0,37.3,0,3,13,1,0,34,34,2010662
2008,New York,0,0.4,25,5,0,12,0,5,24,7,0,11,24,19212436
2008,North Carolina,0,0.5,18,5,0,17.3,0,6,17,7,0,16,17,9309449
2008,North Dakota,0,0.2,5,2,0,12.6,0,2,5,3,0,11,11,657569
2008,Ohio,0,0.4,19,9,0,21.4,0,5,18,13,0,19,19,11515391
2008,Oklahoma,0,0.2,10,6,0,19.7,0,2,9,8,0,18,18,3668976
2008,Oregon,0,0.5,17,1,0,0,0,6,16,1,0,0,16,3768748
2008,Pennsylvania,0,0.2,17,10,0,19.2,0,2,16,14,0,17,17,12612285
2008,Rhode Island,0,0.2,10,4,4.1,0,0,2,9,6,23,0,23,1055003
2008,South Carolina,0,0.4,12,3,0,19.9,0,5,11,4,0,18,18,4528996
2008,South Dakota,0,0,4,1,0,18.8,0,0,4,1,0,17,17,799124
2008,Tennessee,0,0.4,12,9,0,32.1,0,5,11,13,0,29,29,6247411
2008,Texas,0,0.3,14,3,0,28.7,0,3,13,4,0,26,26,24309039
2008,Utah,0,0.5,25,4,0,0,0,6,24,6,0,0,24,2663029
2008,Vermont,0,0.4,15,6,0,0,0,5,14,8,0,0,14,624151
2008,Virginia,0,0.3,15,6,0,0,0,3,14,8,0,0,14,7833496
2008,Washington,0,0.4,15,1,0,23.3,0,5,14,1,0,21,21,6562231
2008,West Virginia,0,0.4,0,17,0,19.2,0,5,0,24,0,17,24,1840310
2008,Wisconsin,0,0.1,11,7,0,14.6,0,1,10,10,0,13,13,5640996
2008,Wyoming,0,0.1,7,3,0,15.6,0,1,7,4,0,14,14,546043
2009,Alabama,0,0.5,0,4,8.8,21.7,0,6,0,6,49,20,49,4757938
2009,Alaska,0,0.8,0,0,6.6,17.6,0,9,0,0,37,16,37,698895
2009,Arizona,0,0.4,24,9,0,36.3,0,5,23,13,0,33,33,6343154
2009,Arkansas,0,0.4,15,3,0,0,0,5,14,4,0,0,14,2896843
2009,California,0,0.4,18,2,13.6,28.3,0,5,17,3,59,26,59,36961229
2009,Colorado,0,0.4,18,5,0,22.8,0,5,17,7,0,21,21,4972195
2009,Connecticut,0,0.4,16,3,0,0,0,5,15,4,0,0,15,3561807
2009,Delaware,0,0.3,23,5,0,16.8,0,3,22,7,0,15,22,891730
2009,Florida,0,0.4,10,3,5.5,17.7,0,5,9,4,31,16,31,18652644
2009,Georgia,0,0.3,13,4,0,17.9,0,3,12,6,0,16,16,9620846
2009,Hawaii,0,0.3,7,40,7,0,0,3,7,56,39,0,56,1346717
2009,Idaho,0,0.4,12,5,12.3,19.6,0,5,11,7,57,18,57,1554439
2009,Illinois,0,0.4,25,5,0,21.9,0,5,24,7,0,20,24,12796778
2009,Indiana,0,0.6,15,7,13.4,20.3,0,7,14,10,59,18,59,6459325
2009,Iowa,0,0.2,13,2,0,19.9,0,2,12,3,0,18,18,3032870
2009,Kansas,0,0.3,10,3,0,19.2,0,3,9,4,0,17,17,2832704
2009,Kentucky,0,0.5,13,5,0,18.4,0,6,12,7,0,17,17,4317074
2009,Louisiana,0,0.2,13,9,0,18.3,0,2,12,13,0,17,17,4491648
2009,Maine,0,0.2,10,2,0,15.8,0,2,9,3,0,14,14,1329590
2009,Maryland,0,0.3,22,5,10.8,0,0,3,21,7,54,0,54,5730388
2009,Massachusetts,0,0.3,15,3,0,0,0,3,14,4,0,0,14,6517613
2009,Michigan,0,0.3,20,5,0,20.5,0,3,19,7,0,19,19,9901591
2009,Minnesota,0,0.2,12,1,0,21.1,0,2,11,1,0,19,19,5281203
2009,Mississippi,0,0,8,3,0,0,0,0,8,4,0,0,8,2958774
2009,Missouri,0,0.3,13,10,9.5,23.6,0,3,12,14,52,21,52,5961088
2009,Montana,0,0.4,3,6,7.7,22.3,0,5,3,8,43,20,43,983982
2009,Nebraska,0,0.5,0,3,11.2,24.5,0,6,0,4,55,22,55,1812683
2009,Nevada,0,0.5,21,0,0,21.7,0,6,20,0,0,20,20,2684665
2009,New Hampshire,0,0.4,7,12,8.6,0,0,5,7,17,48,0,48,1316102
2009,New Jersey,0,0.4,22,3,0,0,0,5,21,4,0,0,21,8755602
2009,New Mexico,0,0.4,13,1,0,30.8,0,5,12,1,0,28,28,2036802
2009,New York,0,0.3,19,3,0,9,0,3,18,4,0,8,18,19307066
2009,North Carolina,0,0.4,18,3,9.2,14.5,0,5,17,4,51,13,51,9449566
2009,North Dakota,0,0.2,5,3,6.3,10.2,0,2,5,4,35,9,35,664968
2009,Ohio,0,0.3,16,7,10.8,19.4,0,3,15,10,54,18,54,11528896
2009,Oklahoma,0,0.2,9,4,11.1,21.3,0,2,8,6,55,19,55,3717572
2009,Oregon,0,0.4,15,2,0,0,0,5,14,3,0,0,14,3808600
2009,Pennsylvania,0,0.2,16,8,12.5,17.1,0,2,15,11,57,16,57,12666858
2009,Rhode Island,0,0.2,9,3,6.1,0,0,2,8,4,34,0,34,1053646
2009,South Carolina,0,0.2,10,2,0,18.4,0,2,9,3,0,17,17,4589872
2009,South Dakota,0,0.2,3,1,6.5,14.8,0,2,3,1,36,13,36,807067
2009,Tennessee,0,0.3,11,7,0,20,0,3,10,10,0,18,18,6306019
2009,Texas,0,0.2,12,2,0,24.4,0,2,11,3,0,22,22,24801761
2009,Utah,0,0.5,19,4,4.1,0,0,6,18,6,23,0,23,2723421
2009,Vermont,0,0.4,13,5,0,0,0,5,12,7,0,0,12,624817
2009,Virginia,0,0.3,15,5,0,0,0,3,14,7,0,0,14,7925937
2009,Washington,0,0.4,10,2,0,19.5,0,5,9,3,0,18,18,6667426
2009,West Virginia,0,0.4,0,13,0,16.9,0,5,0,18,0,15,18,1847775
2009,Wisconsin,0,0.1,11,6,0,14,0,1,10,8,0,13,13,5669264
2009,Wyoming,0,0.2,5,2,4.2,14.2,0,2,5,3,23,13,23,559851
2010,Alabama,0,0.4,0,4,12.7,24.4,0,5,0,6,58,22,58,4785514
2010,Alaska,0,1,0,0,5.8,16.3,0,11,0,0,32,15,32,713982
2010,Arizona,0,0.4,24,9,9.1,29.7,0,5,23,13,51,27,51,6407342
2010,Arkansas,0,0.5,17,2,0,0,0,6,16,3,0,0,16,2921998
2010,California,0,0.4,17,1,11,26.1,0,5,16,1,55,24,55,37319550
2010,Colorado,0,0.4,13,4,8.1,24.9,0,5,12,6,45,23,45,5047539
2010,Connecticut,0,0.4,13,2,0,0,0,5,12,3,0,0,12,3579173
2010,Delaware,0,0.4,20,3,12,0,0,5,19,4,56,0,56,899647
2010,Florida,0,0.3,11,3,8.5,17.9,0,3,10,4,47,16,47,18846143
2010,Georgia,0,0.3,11,4,0,18.1,0,3,10,6,0,16,16,9712209
2010,Hawaii,0,0.3,5,43,7.3,0,0,3,5,59,41,0,59,1364004
2010,Idaho,0,0.3,12,5,11,16.7,0,3,11,7,55,15,55,1570819
2010,Illinois,0,0.4,23,5,0,24.7,0,5,22,7,0,22,22,12840545
2010,Indiana,0,0.6,18,7,14.2,22.8,0,7,17,10,61,21,61,6490555
2010,Iowa,0,0.2,13,3,0,21.7,0,2,12,4,0,20,20,3050819
2010,Kansas,0,0.4,11,3,0,20.8,0,5,10,4,0,19,19,2858266
2010,Kentucky,0,0.4,12,6,11.4,21.4,0,5,11,8,55,19,55,4348464
2010,Louisiana,0,0.2,12,7,0,23.9,0,2,11,10,0,22,22,4544635
2010,Maine,0,0.2,10,1,0,15.2,0,2,9,1,0,14,14,1327651
2010,Maryland,0,0.3,23,3,12,0,0,3,22,4,56,0,56,5788784
2010,Massachusetts,0,0.3,14,3,0,0,0,3,13,4,0,0,13,6566440
2010,Michigan,0,0.3,11,5,12.1,21,0,3,10,7,57,19,57,9877597
2010,Minnesota,0,0.3,11,1,0,24.2,0,3,10,1,0,22,22,5310934
2010,Mississippi,0,0.2,10,3,0,0,0,2,9,4,0,0,9,2970615
2010,Missouri,0,0.3,13,9,10.8,25.3,0,3,12,13,54,23,54,5996089
2010,Montana,0,0.4,3,4,7.9,19.8,0,5,3,6,44,18,44,990730
2010,Nebraska,0,0.5,0,2,11,30.5,0,6,0,3,55,28,55,1829591
2010,Nevada,0,0.4,19,1,7.2,17.8,0,5,18,1,40,16,40,2702483
2010,New Hampshire,0,0.5,6,10,7.1,0,0,6,6,14,39,0,39,1316807
2010,New Jersey,0,0.3,20,3,0,0,0,3,19,4,0,0,19,8799451
2010,New Mexico,0,0.3,13,2,0,29.5,0,3,12,3,0,27,27,2064614
2010,New York,0,0.4,18,3,0,0,0,5,17,4,0,0,17,19399956
2010,North Carolina,0,0.4,17,3,10.5,17.1,0,5,16,4,54,16,54,9574586
2010,North Dakota,0,0.2,5,3,8.5,11.1,0,2,5,4,47,10,47,674752
2010,Ohio,0,0.4,15,7,12,22.5,0,5,14,10,56,20,56,11539449
2010,Oklahoma,0,0.3,11,4,14.2,19.5,0,3,10,6,61,18,61,3760014
2010,Oregon,0,0.4,14,2,0,0,0,5,13,3,0,0,13,3837614
2010,Pennsylvania,0,0.3,16,7,11.8,18.8,0,3,15,10,56,17,56,12711406
2010,Rhode Island,0,0.2,8,2,6.3,0,0,2,8,3,35,0,35,1053994
2010,South Carolina,0,0.2,13,3,0,18.6,0,2,12,4,0,17,17,4635846
2010,South Dakota,0,0.1,5,1,7.1,17.1,0,1,5,1,39,16,39,816193
2010,Tennessee,0,0.4,12,7,13.5,20.3,0,5,11,10,59,18,59,6355518
2010,Texas,0,0.2,12,2,0,25.1,0,2,11,3,0,23,23,25241897
2010,Utah,0,0.4,16,3,4,0,0,5,15,4,22,0,22,2775413
2010,Vermont,0,0.4,13,4,0,0,0,5,12,6,0,0,12,625886
2010,Virginia,0,0.2,14,4,0,0,0,2,13,6,0,0,13,8024004
2010,Washington,0,0.3,9,1,10.2,15.9,0,3,8,1,53,14,53,6743009
2010,West Virginia,0,0.4,0,10,0,17.7,0,5,0,14,0,16,16,1854265
2010,Wisconsin,0,0.1,8,6,10.2,16.3,0,1,8,8,53,15,53,5690538
2010,Wyoming,0,0.2,5,3,3.9,13.6,0,2,5,4,22,12,22,564531
2011,Alabama,0,0.3,0,4,0,21.4,0,3,0,6,0,19,19,4799642
2011,Alaska,0,0.6,0,11,5.2,14.9,0,7,0,15,29,14,29,722349
2011,Arizona,0,0.4,25,8,10.1,35,0,5,24,11,53,32,53,6473416
2011,Arkansas,0,0.4,16,2,0,0,0,5,15,3,0,0,15,2941038
2011,California,0,0.4,16,1,11.1,27.3,0,5,15,1,55,25,55,37636311
2011,Colorado,0,0.3,12,4,9.8,23.5,0,3,11,6,52,21,52,5121900
2011,Connecticut,0,0.3,16,2,0,0,0,3,15,3,0,0,15,3588632
2011,Delaware,0,0.3,17,3,12,0,0,3,16,4,56,0,56,907590
2011,Florida,0,0.2,10,3,7.9,18,0,2,9,4,44,16,44,19055607
2011,Georgia,0,0.3,11,4,12.4,20.5,0,3,10,6,57,19,57,9803630
2011,Hawaii,0,0.4,6,17,6.3,16.3,0,5,6,24,35,15,35,1379562
2011,Idaho,0,0.3,15,8,9.9,18.5,0,3,14,11,52,17,52,1584272
2011,Illinois,0,0.4,22,4,0,25.3,0,5,21,6,0,23,23,12867783
2011,Indiana,0,0.5,15,6,13.1,24.8,0,6,14,8,58,23,58,6517250
2011,Iowa,0,0.2,12,3,0,0,0,2,11,4,0,0,11,3066772
2011,Kansas,0,0.3,12,3,0,22.1,0,3,11,4,0,20,20,2869677
2011,Kentucky,0,0.5,11,5,11,19.4,0,6,10,7,55,18,55,4370817
2011,Louisiana,0,0.2,12,10,12.6,23.9,0,2,11,14,58,22,58,4576244
2011,Maine,0,0.2,9,1,0,14.1,0,2,8,1,0,13,13,1328473
2011,Maryland,0,0.3,22,3,11.3,0,0,3,21,4,55,0,55,5840241
2011,Massachusetts,0,0.3,16,3,0,0,0,3,15,4,0,0,15,6614218
2011,Michigan,0,0.4,16,5,6.5,21.1,0,5,15,7,36,19,36,9883053
2011,Minnesota,0,0.1,12,1,8.6,22.7,0,1,11,1,48,21,48,5346620
2011,Mississippi,0,0.2,9,2,13.3,0,0,2,8,3,59,0,59,2979147
2011,Missouri,0,0.3,21,11,11,24.1,0,3,20,15,55,22,55,6011182
2011,Montana,0,0.3,4,3,8.2,21.3,0,3,4,4,46,19,46,997518
2011,Nebraska,0,0.3,0,4,11.1,32.1,0,3,0,6,55,29,55,1840914
2011,Nevada,0,0.4,19,1,6.7,19.9,0,5,18,1,37,18,37,2713114
2011,New Hampshire,0,0.3,3,6,7.7,0,0,3,3,8,43,0,43,1320444
2011,New Jersey,0,0.4,24,4,0,0,0,5,23,6,0,0,23,8828552
2011,New Mexico,0,0.4,13,2,0,33.3,0,5,12,3,0,30,30,2080707
2011,New York,0,0.3,16,2,0,0,0,3,15,3,0,0,15,19499921
2011,North Carolina,0,0.4,15,2,10.6,14.3,0,5,14,3,54,13,54,9658913
2011,North Dakota,0,0.2,5,2,6.4,12.2,0,2,5,3,36,11,36,685526
2011,Ohio,0,0.3,15,7,12.6,20.1,0,3,14,10,58,18,58,11545735
2011,Oklahoma,0,0.2,12,5,0,22,0,2,11,7,0,20,20,3788824
2011,Oregon,0,0.3,14,1,0,0,0,3,13,1,0,0,13,3872672
2011,Pennsylvania,0,0.2,16,5,11.6,17.3,0,2,15,7,56,16,56,12747052
2011,Rhode Island,0,0.2,9,3,8.2,0,0,2,8,4,46,0,46,1053829
2011,South Carolina,0,0.2,10,2,10.9,21.2,0,2,9,3,54,19,54,4672655
2011,South Dakota,0,0.2,7,1,6.2,17,0,2,7,1,34,15,34,823740
2011,Tennessee,0,0.3,15,5,13.4,19.5,0,3,14,7,59,18,59,6400298
2011,Texas,0,0.2,12,2,10.9,28.2,0,2,11,3,54,26,54,25645504
2011,Utah,0,0.4,10,2,4.3,0,0,5,9,3,24,0,24,2814797
2011,Vermont,0,0.3,13,3,0,0,0,3,12,4,0,0,12,627197
2011,Virginia,0,0.3,13,3,0,0,0,3,12,4,0,0,12,8102437
2011,Washington,0,0.3,9,1,8.6,18.2,0,3,8,1,48,17,48,6827479
2011,West Virginia,0,0.4,0,8,0,15.7,0,5,0,11,0,14,14,1856606
2011,Wisconsin,0,0.1,8,5,9.4,11.6,0,1,8,7,52,11,52,5705840
2011,Wyoming,0,0.2,6,4,4.1,11.8,0,2,6,6,23,11,23,567491
2012,Alabama,0,0.4,0,4,0,19.4,0,5,0,6,0,18,18,4816632
2012,Alaska,0,0.7,0,12,5.1,15.6,0,8,0,17,28,14,28,730810
2012,Arizona,0,0.4,26,10,8.5,41,0,5,25,14,47,37,47,6556344
2012,Arkansas,0,0.5,17,2,0,0,0,6,16,3,0,0,16,2952876
2012,California,0,0.4,16,1,9.4,26.3,0,5,15,1,52,24,52,37944551
2012,Colorado,0,0.3,11,3,6.4,22,0,3,10,4,36,20,36,5193660
2012,Connecticut,0,0.3,13,2,0,0,0,3,12,3,0,0,12,3595211
2012,Delaware,0,0.3,11,2,9.7,0,0,3,10,3,52,0,52,915518
2012,Florida,0,0.2,10,2,8.3,17.5,0,2,9,3,46,16,46,19302016
2012,Georgia,0,0.3,10,3,13.4,19.5,0,3,9,4,59,18,59,9903580
2012,Hawaii,0,0.4,6,22,7.6,15.2,0,5,6,31,42,14,42,1395199
2012,Idaho,0,0.3,19,7,13.7,22.8,0,3,18,10,60,21,60,1595910
2012,Illinois,0,0.4,22,4,0,27.9,0,5,21,6,0,25,25,12883029
2012,Indiana,0,0.6,15,5,12.2,23.2,0,7,14,7,57,21,57,6538989
2012,Iowa,0,0.2,9,4,0,0,0,2,8,6,0,0,8,3076844
2012,Kansas,0,0.3,12,2,0,22.9,0,3,11,3,0,21,21,2886024
2012,Kentucky,0,0.3,11,4,11.3,18.8,0,3,10,6,55,17,55,4387865
2012,Louisiana,0,0.2,12,7,10.3,21.7,0,2,11,10,53,20,53,4602067
2012,Maine,0,0.2,9,1,0,16.2,0,2,8,1,0,15,15,1328094
2012,Maryland,0,0.2,18,2,10.1,0,0,2,17,3,53,0,53,5888375
2012,Massachusetts,0,0.3,13,3,0,0,0,3,12,4,0,0,12,6664269
2012,Michigan,0,0.3,15,5,7.4,28.8,0,3,14,7,41,26,41,9898289
2012,Minnesota,0,0.1,10,1,8,20.7,0,1,9,1,44,19,44,5377500
2012,Mississippi,0,0.2,8,2,11.2,0,0,2,8,3,55,0,55,2984599
2012,Missouri,0,0.3,21,8,10.6,25.7,0,3,20,11,54,23,54,6026027
2012,Montana,0,0.1,3,3,8.8,20.8,0,1,3,4,49,19,49,1004168
2012,Nebraska,0,0.4,0,4,9.4,37.1,0,5,0,6,52,34,52,1853691
2012,Nevada,0,0.5,21,1,8.3,26.1,0,6,20,1,46,24,46,2744670
2012,New Hampshire,0,0.3,3,2,6.4,0,0,3,3,3,36,0,36,1324677
2012,New Jersey,0,0.4,21,2,0,0,0,5,20,3,0,0,20,8845671
2012,New Mexico,0,0.3,13,1,11.3,34.5,0,3,12,1,55,31,55,2087715
2012,New York,0,0.3,19,2,0,0,0,3,18,3,0,0,18,19574362
2012,North Carolina,0,0.3,14,1,9.9,13,0,3,13,1,52,12,52,9751810
2012,North Dakota,0,0.2,5,3,6.3,15,0,2,5,4,35,14,35,702227
2012,Ohio,0,0.3,19,6,11.6,20.7,0,3,18,8,56,19,56,11550971
2012,Oklahoma,0,0.2,12,4,10.6,21.3,0,2,11,6,54,19,54,3819320
2012,Oregon,0,0.3,14,1,0,0,0,3,13,1,0,0,13,3900102
2012,Pennsylvania,0,0.2,14,5,10.7,16.9,0,2,13,7,54,15,54,12769123
2012,Rhode Island,0,0.2,9,2,7.1,0,0,2,8,3,39,0,39,1054893
2012,South Carolina,0,0.2,9,1,0,18.3,0,2,8,1,0,17,17,4719027
2012,South Dakota,0,0.2,8,1,7.1,20.1,0,2,8,1,39,18,39,833859
2012,Tennessee,0,0.3,14,4,11.9,19.9,0,3,13,6,56,18,56,6455752
2012,Texas,0,0.2,12,2,11.6,26.4,0,2,11,3,56,24,56,26084120
2012,Utah,0,0.4,13,2,5.9,20.8,0,5,12,3,33,19,33,2854146
2012,Vermont,0,0.3,11,1,0,0,0,3,10,1,0,0,10,626361
2012,Virginia,0,0.3,13,2,0,0,0,3,12,3,0,0,12,8187456
2012,Washington,0,0.3,10,1,6.9,17.4,0,3,9,1,38,16,38,6898599
2012,West Virginia,0,0.4,0,7,0,14.8,0,5,0,10,0,13,13,1857446
2012,Wisconsin,0,0.1,7,5,7.4,13.6,0,1,7,7,41,12,41,5720825
2012,Wyoming,0,0.2,6,3,5.2,16.6,0,2,6,4,29,15,29,576656
2013,Alabama,0,0.3,18,2,12.1,17,0,3,17,3,57,15,57,4831586
2013,Alaska,0,0.6,0,10,4.4,15.5,0,7,0,14,24,14,24,737626
2013,Arizona,0,0.4,24,9,7.8,35.6,0,5,23,13,43,32,43,6634690
2013,Arkansas,0,0.4,15,2,0,0,0,5,14,3,0,0,14,2960459
2013,California,0,0.3,16,1,10.5,32.2,0,3,15,1,54,29,54,38253768
2013,Colorado,0,0.4,13,5,7.2,19.1,0,5,12,7,40,17,40,5270774
2013,Connecticut,0,0.3,15,1,0,0,0,3,14,1,0,0,14,3595792
2013,Delaware,0,0.3,10,1,9,0,0,3,9,1,50,0,50,924062
2013,Florida,0,0.2,9,2,0,16.2,0,2,8,3,0,15,15,19551678
2013,Georgia,0,0.3,9,3,11.6,17.6,0,3,8,4,56,16,56,9975592
2013,Hawaii,0,0.4,5,19,6.8,15,0,5,5,26,38,14,38,1408822
2013,Idaho,0,0.3,19,5,12.6,18.8,0,3,18,7,58,17,58,1612053
2013,Illinois,0,0.2,21,3,0,34.5,0,2,20,4,0,31,31,12895778
2013,Indiana,0,0.4,13,5,11.4,21.1,0,5,12,7,55,19,55,6570575
2013,Iowa,0,0.2,10,4,0,42.7,0,2,9,6,0,39,39,3093935
2013,Kansas,0,0.3,10,2,0,17.5,0,3,9,3,0,16,16,2894306
2013,Kentucky,0,0.3,12,3,11.1,16.5,0,3,11,4,55,15,55,4406906
2013,Louisiana,0,0.2,11,4,9.9,20.2,0,2,10,6,52,18,52,4626040
2013,Maine,0,0.2,8,1,7.8,14.5,0,2,8,1,43,13,43,1328543
2013,Maryland,0,0.2,17,2,9.1,0,0,2,16,3,51,0,51,5925197
2013,Massachusetts,0,0.3,15,2,0,0,0,3,14,3,0,0,14,6715158
2013,Michigan,0,0.2,14,4,8.7,22.7,0,2,13,6,48,21,48,9914802
2013,Minnesota,0,0.1,11,1,6.9,19.5,0,1,10,1,38,18,38,5414722
2013,Mississippi,0,0.2,8,2,0,0,0,2,8,3,0,0,8,2989839
2013,Missouri,0,0.3,19,7,9.9,20.7,0,3,18,10,52,19,52,6042989
2013,Montana,0,0.1,3,3,7,15.4,0,1,3,4,39,14,39,1014158
2013,Nebraska,0,0.3,0,3,10.1,26.8,0,3,0,4,53,24,53,1865813
2013,Nevada,0,0.4,20,2,10.3,21.9,0,5,19,3,53,20,53,2776956
2013,New Hampshire,0,0.2,2,2,7.4,9,0,2,2,3,41,8,41,1327272
2013,New Jersey,0,0.4,20,1,0,0,0,5,19,1,0,0,19,8857821
2013,New Mexico,0,0.2,12,1,6.4,32.2,0,2,11,1,36,29,36,2092833
2013,New York,0,0.3,20,2,0,0,0,3,19,3,0,0,19,19626488
2013,North Carolina,0,0.3,12,1,9.6,11.5,0,3,11,1,52,10,52,9846717
2013,North Dakota,0,0.1,5,2,5.8,13.6,0,1,5,3,32,12,32,723149
2013,Ohio,0,0.3,17,4,10.6,18.4,0,3,16,6,54,17,54,11579692
2013,Oklahoma,0,0.2,11,3,9.5,18.4,0,2,10,4,52,17,52,3853891
2013,Oregon,0,0.3,14,2,0,0,0,3,13,3,0,0,13,3924110
2013,Pennsylvania,0,0.2,12,4,10.9,17,0,2,11,6,54,15,54,12779538
2013,Rhode Island,0,0.2,10,1,7,0,0,2,9,1,39,0,39,1055560
2013,South Carolina,0,0.2,9,1,0,15.4,0,2,8,1,0,14,14,4766469
2013,South Dakota,0,0.2,7,1,7.7,18.4,0,2,7,1,43,17,43,842751
2013,Tennessee,0,0.3,16,3,10.6,20.9,0,3,15,4,54,19,54,6496943
2013,Texas,0,0.2,11,1,10.8,0,0,2,10,1,54,0,54,26479646
2013,Utah,0,0.4,11,2,10.3,18.6,0,5,10,3,53,17,53,2898773
2013,Vermont,0,0.3,11,1,0,0,0,3,10,1,0,0,10,626603
2013,Virginia,0,0.3,13,2,0,0,0,3,12,3,0,0,12,8255861
2013,Washington,0,0.3,13,1,8.9,19.3,0,3,12,1,49,18,49,6966252
2013,West Virginia,0,0.3,0,5,0,13.2,0,3,0,7,0,12,12,1854768
2013,Wisconsin,0,0.2,7,4,0,12.6,0,2,7,6,0,11,11,5738012
2013,Wyoming,0,0.2,6,2,3.7,10.3,0,2,6,3,21,9,21,582620
2014,Alabama,0,0.4,19,3,11.6,20.5,0,5,18,4,56,19,56,4843737
2014,Alaska,0,0.7,18,10,6.1,22.7,0,8,17,14,34,21,34,737075
2014,Arizona,0,0.4,22,9,8,37.4,0,5,21,13,44,34,44,6732873
2014,Arkansas,0,0.3,14,2,0,0,0,3,13,3,0,0,13,2968759
2014,California,0,0.3,16,1,9.2,39.1,0,3,15,1,51,36,51,38586706
2014,Colorado,0,0.3,14,3,7.3,17.5,0,3,13,4,41,16,41,5352637
2014,Connecticut,0,0.3,15,1,9,0,0,3,14,1,50,0,50,3595697
2014,Delaware,0,0.2,11,1,9.1,0,0,2,10,1,51,0,51,933131
2014,Florida,0,0.2,11,2,9.9,15.6,0,2,10,3,52,14,52,19853880
2014,Georgia,0,0.4,13,3,11.2,17.9,0,5,12,4,55,16,55,10071204
2014,Hawaii,0,0.4,6,18,6.4,15.6,0,5,6,25,36,14,36,1415335
2014,Idaho,0,0.3,19,5,10.5,17,0,3,18,7,54,15,54,1632248
2014,Illinois,0,0.2,21,3,0,37.1,0,2,20,4,0,34,34,12885092
2014,Indiana,0,0.4,15,5,12.1,20.8,0,5,14,7,57,19,57,6596019
2014,Iowa,0,0.2,9,4,0,44.5,0,2,8,6,0,41,41,3110643
2014,Kansas,0,0.3,9,2,0,21.9,0,3,8,3,0,20,20,2901861
2014,Kentucky,0,0.3,12,3,11.8,16.3,0,3,11,4,56,15,56,4416992
2014,Louisiana,0,0.3,12,4,9.8,19.4,0,3,11,6,52,18,52,4645938
2014,Maine,0,0.2,8,1,7.1,15,0,2,8,1,39,14,39,1331217
2014,Maryland,0,0.2,16,2,9.3,0,0,2,15,3,51,0,51,5960064
2014,Massachusetts,0,0.3,15,2,7.4,0,0,3,14,3,41,0,41,6764864
2014,Michigan,0,0.3,15,4,9.4,23.6,0,3,14,6,52,21,52,9932033
2014,Minnesota,0,0.2,14,1,7.4,19.3,0,2,13,1,41,18,41,5452665
2014,Mississippi,0,0.2,8,2,0,0,0,2,8,3,0,0,8,2991892
2014,Missouri,0,0.3,17,5,10,21.8,0,3,16,7,53,20,53,6059130
2014,Montana,0,0.1,3,3,6.6,15,0,1,3,4,37,14,37,1022657
2014,Nebraska,0,0.4,0,3,8.6,24.8,0,5,0,4,48,23,48,1879955
2014,Nevada,0,0.4,20,1,8,22.8,0,5,19,1,44,21,44,2818935
2014,New Hampshire,0,0.2,4,2,7.5,10.1,0,2,4,3,42,9,42,1334257
2014,New Jersey,0,0.4,22,1,0,0,0,5,21,1,0,0,21,8867277
2014,New Mexico,0,0.2,11,0,6.5,30.9,0,2,10,0,36,28,36,2090236
2014,New York,0,0.3,18,2,6.3,0,0,3,17,3,35,0,35,19653431
2014,North Carolina,0,0.3,13,1,9.8,12.2,0,3,12,1,52,11,52,9937295
2014,North Dakota,0,0.2,5,2,4.5,13.3,0,2,5,3,25,12,25,738736
2014,Ohio,0,0.3,19,4,12.2,18.4,0,3,18,6,57,17,57,11606573
2014,Oklahoma,0,0.2,11,2,8.5,21.5,0,2,10,3,47,20,47,3879187
2014,Oregon,0,0.3,15,1,5.8,0,0,3,14,1,32,0,32,3965447
2014,Pennsylvania,0,0.2,14,4,10.8,16.7,0,2,13,6,54,15,54,12792392
2014,Rhode Island,0,0.4,14,1,5.5,0,0,5,13,1,31,0,31,1056511
2014,South Carolina,0,0.2,10,1,8.9,16,0,2,9,1,49,15,49,4826858
2014,South Dakota,0,0.2,7,1,5.5,18.2,0,2,7,1,31,17,31,849670
2014,Tennessee,0,0.3,14,4,8.8,23.2,0,3,13,6,49,21,49,6544617
2014,Texas,0,0.2,11,1,10.4,0,0,2,10,1,53,0,53,26963092
2014,Utah,0,0.5,10,1,7.5,19.3,0,6,9,1,42,18,42,2938327
2014,Vermont,0,0.2,11,1,6.1,0,0,2,10,1,34,0,34,625693
2014,Virginia,0,0.3,13,2,0,0,0,3,12,3,0,0,12,8315430
2014,Washington,0,0.4,19,1,7.2,19.7,0,5,18,1,40,18,40,7057531
2014,West Virginia,0,0.3,0,5,0,12.9,0,3,0,7,0,12,12,1850569
2014,Wisconsin,0,0.2,10,4,0,11.7,0,2,9,6,0,11,11,5753199
2014,Wyoming,0,0.1,6,3,3.8,10.7,0,1,6,4,21,10,21,583159
2015,Alabama,0,0.4,18,3,11.6,18.6,0,5,17,4,56,17,56,4854803
2015,Alaska,0,0.5,18,9,5.7,17.5,0,6,17,13,32,16,32,738430
2015,Arizona,0,0.4,22,10,7.4,29.9,0,5,21,14,41,27,41,6832810
2015,Arkansas,0,0.3,13,2,0,0,0,3,12,3,0,0,12,2979732
2015,California,0,0.3,15,1,8.8,26.6,0,3,14,1,49,24,49,38904296
2015,Colorado,0,0.4,17,4,7.4,13.9,0,5,16,6,41,13,41,5454328
2015,Connecticut,0,0.3,16,1,8.5,13.8,0,3,15,1,47,13,47,3588561
2015,Delaware,0,0.3,19,1,9,0,0,3,18,1,50,0,50,942065
2015,Florida,0,0.3,10,2,8.9,16.2,0,3,9,3,49,15,49,20219111
2015,Georgia,0,0.5,14,3,11.3,17.1,0,6,13,4,55,16,55,10183353
2015,Hawaii,0,0.4,6,24,6.7,16,0,5,6,33,37,15,37,1422999
2015,Idaho,0,0.3,19,4,9.8,18.7,0,3,18,6,52,17,52,1652495
2015,Illinois,0,0.2,19,3,8.6,29.2,0,2,18,4,48,27,48,12859585
2015,Indiana,0,0.4,13,4,9.9,19.5,0,5,12,6,52,18,52,6611442
2015,Iowa,0,0.2,9,3,0,46,0,2,8,4,0,42,42,3122541
2015,Kansas,0,0.3,9,2,0,19.1,0,3,8,3,0,17,17,2910717
2015,Kentucky,0,0.3,12,2,10.5,17.7,0,3,11,3,54,16,54,4429126
2015,Louisiana,0,0.5,11,3,12,19.4,0,6,10,4,56,18,56,4666998
2015,Maine,0,0.2,10,2,7,14.2,0,2,9,3,39,13,39,1329098
2015,Maryland,0,0.2,16,2,9.2,0,0,2,15,3,51,0,51,5988528
2015,Massachusetts,0,0.2,15,1,6.4,0,0,2,14,1,36,0,36,6797484
2015,Michigan,0,0.3,16,3,10.1,24.5,0,3,15,4,53,22,53,9934483
2015,Minnesota,0,0.2,13,1,7.1,23.3,0,2,12,1,39,21,39,5484002
2015,Mississippi,0,0.3,10,1,0,0,0,3,9,1,0,0,9,2990231
2015,Missouri,0,0.3,17,3,9.1,19.8,0,3,16,4,51,18,51,6075411
2015,Montana,0,0.2,2,2,8.1,20.4,0,2,2,3,45,19,45,1031495
2015,Nebraska,0,0.3,0,3,8.8,23.5,0,3,0,4,49,21,49,1892059
2015,Nevada,0,0.3,23,1,7.4,17.5,0,3,22,1,41,16,41,2868531
2015,New Hampshire,0,0.2,5,1,7.1,11.2,0,2,5,1,39,10,39,1337480
2015,New Jersey,0,0.4,22,1,11.3,0,0,5,21,1,55,0,55,8870312
2015,New Mexico,0,0.2,11,1,7,22.5,0,2,10,1,39,20,39,2090071
2015,New York,0,0.2,19,2,6.8,0,0,2,18,3,38,0,38,19657321
2015,North Carolina,0,0.3,11,1,8.5,9.9,0,3,10,1,47,9,47,10037218
2015,North Dakota,0,0.2,5,2,5.3,14.1,0,2,5,3,29,13,29,755537
2015,Ohio,0,0.2,18,3,10.7,18.5,0,2,17,4,54,17,54,11622315
2015,Oklahoma,0,0.2,13,2,7.9,17.4,0,2,12,3,44,16,44,3910518
2015,Oregon,0,0.4,16,1,6.7,0,0,5,15,1,37,0,37,4018542
2015,Pennsylvania,0,0.3,14,4,10.6,17,0,3,13,6,54,15,54,12789838
2015,Rhode Island,0,0.4,15,1,7.5,0,0,5,14,1,42,0,42,1056886
2015,South Carolina,0,0.2,9,1,7.4,15.8,0,2,8,1,41,14,41,4896006
2015,South Dakota,0,0.2,7,1,6.5,20.1,0,2,7,1,36,18,36,854663
2015,Tennessee,0,0.3,14,4,0,25.6,0,3,13,6,0,23,23,6595354
2015,Texas,0,0.3,11,1,9.1,0,0,3,10,1,51,0,51,27468531
2015,Utah,0,0.4,11,1,7.2,20.1,0,5,10,1,40,18,40,2983626
2015,Vermont,0,0.2,11,0,6.2,0,0,2,10,0,34,0,34,625810
2015,Virginia,0,0.3,13,1,10,0,0,3,12,1,53,0,53,8367303
2015,Washington,0,0.3,19,1,7.9,20.4,0,3,18,1,44,19,44,7167287
2015,West Virginia,0,0.3,0,4,0,12.6,0,3,0,6,0,11,11,1843332
2015,Wisconsin,0,0.2,10,4,0,11.4,0,2,9,6,0,10,10,5762927
2015,Wyoming,0,0.1,6,2,4.3,10.2,0,1,6,3,24,9,24,586389
2016,Alabama,0,0.3,19,2,10.5,18.8,0,3,18,3,54,17,54,4866824
2016,Alaska,0,0.5,18,8,5.3,16.6,0,6,17,11,29,15,29,742575
2016,Arizona,0,0.4,21,9,8.2,36.1,0,5,20,13,46,33,46,6944767
2016,Arkansas,0,0.3,13,2,0,0,0,3,12,3,0,0,12,2991815
2016,California,0,0.3,14,1,8.1,28.7,0,3,13,1,45,26,45,39149186
2016,Colorado,0,0.4,17,3,6.8,11.4,0,5,16,4,38,10,38,5543844
2016,Connecticut,0,0.3,16,1,7.2,12.3,0,3,15,1,40,11,40,3579830
2016,Delaware,0,0.3,18,1,7.7,0,0,3,17,1,43,0,43,949989
2016,Florida,0,0.3,11,1,7.9,16.4,0,3,10,1,44,15,44,20627237
2016,Georgia,0,0.5,23,3,10.9,16.7,0,6,22,4,54,15,54,10308442
2016,Hawaii,0,0.4,6,26,7.9,15.5,0,5,6,36,44,14,44,1428885
2016,Idaho,0,0.3,17,4,5.2,16.6,0,3,16,6,29,15,29,1684036
2016,Illinois,0,0.2,21,3,9.5,21.5,0,2,20,4,52,20,52,12821709
2016,Indiana,0,0.3,13,3,8.9,18.7,0,3,12,4,49,17,49,6637898
2016,Iowa,0,0.2,9,2,6.3,39.2,0,2,8,3,35,36,36,3133210
2016,Kansas,0,0.2,8,1,5.2,18.2,0,2,8,1,29,17,29,2912977
2016,Kentucky,0,0.3,11,1,9,15.4,0,3,10,1,50,14,50,4440306
2016,Louisiana,0,0.4,11,3,11.4,18.5,0,5,10,4,55,17,55,4681346
2016,Maine,0,0.2,7,1,6.5,11.8,0,2,7,1,36,11,36,1332348
2016,Maryland,0,0.2,17,1,7.3,0,0,2,16,1,41,0,41,6007014
2016,Massachusetts,0,0.2,13,1,6.2,0,0,2,12,1,34,0,34,6827280
2016,Michigan,0,0.3,15,2,9.1,21.2,0,3,14,3,51,19,51,9954117
2016,Minnesota,0,0.2,12,1,5.8,21,0,2,11,1,32,19,32,5525360
2016,Mississippi,0,0.2,10,1,0,0,0,2,9,1,0,0,9,2990595
2016,Missouri,0,0.3,15,2,7.9,20.6,0,3,14,3,44,19,44,6091384
2016,Montana,0,0.2,2,1,6.2,14.8,0,2,2,1,34,13,34,1042137
2016,Nebraska,0,0.3,0,2,8,22.2,0,3,0,3,44,20,44,1906483
2016,Nevada,0,0.3,22,1,7.6,19.1,0,3,21,1,42,17,42,2919555
2016,New Hampshire,0,0.2,5,1,5.6,9.5,0,2,5,1,31,9,31,1343694
2016,New Jersey,0,0.3,19,1,8.9,0,0,3,18,1,49,0,49,8873584
2016,New Mexico,0,0.2,11,1,7.6,25.8,0,2,10,1,42,23,42,2092555
2016,New York,0,0.2,18,1,5.5,0,0,2,17,1,31,0,31,19636391
2016,North Carolina,0,0.3,11,1,8.3,11.9,0,3,10,1,46,11,46,10161802
2016,North Dakota,0,0.2,4,1,3.1,10.7,0,2,4,1,17,10,17,756114
2016,Ohio,0,0.3,17,2,8.4,15.2,0,3,16,3,47,14,47,11640060
2016,Oklahoma,0,0.2,12,2,7.7,16.8,0,2,11,3,43,15,43,3928143
2016,Oregon,0,0.3,15,0,0,0,0,3,14,0,0,0,14,4093271
2016,Pennsylvania,0,0.2,12,2,9.2,15.6,0,2,11,3,51,14,51,12788468
2016,Rhode Island,0,0.4,13,0,6.6,0,0,5,12,0,37,0,37,1057816
2016,South Carolina,0,0.2,8,0,9,15.5,0,2,8,0,50,14,50,4963031
2016,South Dakota,0,0.2,6,0,4.9,19.5,0,2,6,0,27,18,27,863693
2016,Tennessee,0,0.3,14,6,10.2,19.2,0,3,13,8,53,17,53,6651277
2016,Texas,0,0.3,11,2,8.8,0,0,3,10,3,49,0,49,27914064
2016,Utah,0,0.4,10,1,6.3,0,0,5,9,1,35,0,35,3044241
2016,Vermont,0,0.2,10,0,4.8,0,0,2,9,0,27,0,27,624366
2016,Virginia,0,0.3,13,1,8.1,0,0,3,12,1,45,0,45,8417651
2016,Washington,0,0.3,19,1,6.5,16.7,0,3,18,1,36,15,36,7299961
2016,West Virginia,0,0.3,0,3,8.6,14.4,0,3,0,4,48,13,48,1832435
2016,Wisconsin,0,0.2,12,2,0,10.4,0,2,11,3,0,9,11,5775170
2016,Wyoming,0,0.1,6,2,3.8,10.4,0,1,6,3,21,9,21,585243
2017,Alabama,0,0.3,16,4,12,17.8,0,3,15,6,56,16,56,4877989
2017,Alaska,0,0.5,18,8,4.8,12.6,0,6,17,11,27,11,27,740983
2017,Arizona,0,0.3,24,10,8.9,39.3,0,3,23,14,49,36,49,7048088
2017,Arkansas,0,0.4,13,1,0,0,0,5,12,1,0,0,12,3003855
2017,California,0,0.3,14,1,9.3,27.6,0,3,13,1,51,25,51,39337785
2017,Colorado,0,0.3,14,2,7.1,12.5,0,3,13,3,39,11,39,5617421
2017,Connecticut,0,0.3,18,0,6,11.4,0,3,17,0,33,10,33,3575324
2017,Delaware,0,0.3,16,1,7.7,0,0,3,15,1,43,0,43,957942
2017,Florida,0,0.3,12,1,8.9,17.2,0,3,11,1,49,16,49,20977089
2017,Georgia,0,0.5,20,2,9.3,15.3,0,6,19,3,51,14,51,10417031
2017,Hawaii,0,0.3,6,23,6.2,13.1,0,3,6,32,34,12,34,1425763
2017,Idaho,0,0.3,24,4,8.2,18.9,0,3,23,6,46,17,46,1719745
2017,Illinois,0,0.2,20,3,9.2,23.5,0,2,19,4,51,21,51,12779893
2017,Indiana,0,0.4,15,2,8.4,20.1,0,5,14,3,47,18,47,6662068
2017,Iowa,0,0.2,8,1,7.3,40.2,0,2,8,1,41,37,41,3143734
2017,Kansas,0,0.2,8,1,7.4,20,0,2,8,1,41,18,41,2910892
2017,Kentucky,0,0.2,11,2,9.2,16.5,0,2,10,3,51,15,51,4455590
2017,Louisiana,0,0.4,10,2,10.3,17.9,0,5,9,3,53,16,53,4673673
2017,Maine,0,0.2,8,1,5.6,8.3,0,2,8,1,31,8,31,1335743
2017,Maryland,0,0.2,15,3,7.8,0,0,2,14,4,43,0,43,6028186
2017,Massachusetts,0,0.2,12,1,6.4,0,0,2,11,1,36,0,36,6863560
2017,Michigan,0,0.4,15,3,8.8,21.5,0,5,14,4,49,20,49,9976752
2017,Minnesota,0,0.3,12,1,6.1,23.1,0,3,11,1,34,21,34,5569283
2017,Mississippi,0,0.3,10,1,9.2,0,0,3,9,1,51,0,51,2990674
2017,Missouri,0,0.3,15,2,8.1,21.4,0,3,14,3,45,19,45,6111382
2017,Montana,0,0.2,2,2,8.8,16.7,0,2,2,3,49,15,49,1053862
2017,Nebraska,0,0.3,0,2,9.6,22.7,0,3,0,3,52,21,52,1916998
2017,Nevada,0,0.3,25,1,6.7,20.7,0,3,24,1,37,19,37,2972097
2017,New Hampshire,0,0.2,4,1,5.1,10.2,0,2,4,1,28,9,28,1350395
2017,New Jersey,0,0.3,18,0,9,0,0,3,17,0,50,0,50,8888147
2017,New Mexico,0,0.2,10,1,8,27.8,0,2,9,1,44,25,44,2092844
2017,New York,0,0.2,17,1,6,0,0,2,16,1,33,0,33,19593849
2017,North Carolina,0,0.3,11,2,7.9,12.5,0,3,10,3,44,11,44,10275758
2017,North Dakota,0,0.2,5,2,5.7,13.5,0,2,5,3,32,12,32,756755
2017,Ohio,0,0.2,16,1,9.3,14,0,2,15,1,51,13,51,11665706
2017,Oklahoma,0,0.3,12,2,8.3,16.9,0,3,11,3,46,15,46,3933602
2017,Oregon,0,0.3,15,1,0,17.5,0,3,14,1,0,16,16,4147294
2017,Pennsylvania,0,0.2,11,2,9.3,15.1,0,2,10,3,51,14,51,12794679
2017,Rhode Island,0,0.4,12,0,6.1,0,0,5,11,0,34,0,34,1056554
2017,South Carolina,0,0.2,9,0,7.5,14.1,0,2,8,0,42,13,42,5027102
2017,South Dakota,0,0.2,6,1,5.5,16.7,0,2,6,1,31,15,31,873732
2017,Tennessee,0,0.3,13,4,7.4,16.1,0,3,12,6,41,15,41,6714748
2017,Texas,0,0.3,11,3,9.2,0,0,3,10,4,51,0,51,28291024
2017,Utah,0,0.4,11,1,7.5,0,0,5,10,1,42,0,42,3103540
2017,Vermont,0,0.2,10,0,4.9,0,0,2,9,0,27,0,27,625132
2017,Virginia,0,0.3,12,5,7.8,0,0,3,11,7,43,0,43,8471011
2017,Washington,0,0.3,17,3,8.5,20.4,0,3,16,4,47,19,47,7427951
2017,West Virginia,0,0.2,0,4,8.4,12.9,0,2,0,6,47,12,47,1818683
2017,Wisconsin,0,0.2,12,1,6.3,11.5,0,2,11,1,35,10,35,5793147
2017,Wyoming,0,0.1,6,2,4.9,11.9,0,1,6,3,27,11,27,579994
2018,Alabama,0,0.3,16,3,9.4,17.2,0,3,15,4,52,16,52,4891628
2018,Alaska,0,0.4,17,8,5,12,0,5,16,11,28,11,28,736624
2018,Arizona,0,0.3,22,7,8,36.4,0,3,21,10,44,33,44,7164228
2018,Arkansas,0,0.3,12,1,0,0,0,3,11,1,0,0,11,3012161
2018,California,0,0.3,14,1,10,27.8,0,3,13,1,53,25,53,39437463
2018,Colorado,0,0.3,13,1,7.4,13.9,0,3,12,1,41,13,41,5697155
2018,Connecticut,0,0.3,16,0,6.8,13.4,0,3,15,0,38,12,38,3574561
2018,Delaware,0,0.2,15,0,7.4,0,0,2,14,0,41,0,41,966985
2018,Florida,0,0.3,11,1,7.2,17.3,0,3,10,1,40,16,40,21254926
2018,Georgia,0,0.4,18,2,8.3,14.8,0,5,17,3,46,13,46,10519389
2018,Hawaii,0,0.3,7,20,5.9,12.4,0,3,7,28,33,11,33,1423102
2018,Idaho,0,0.4,0,5,5.4,19.7,0,5,0,7,30,18,30,1752074
2018,Illinois,0,0.2,18,3,9.1,23.2,0,2,17,4,51,21,51,12724685
2018,Indiana,0,0.3,15,1,9,19.3,0,3,14,1,50,18,50,6698481
2018,Iowa,0,0.2,8,1,7.6,38.3,0,2,8,1,42,35,42,3149900
2018,Kansas,0,0.2,8,1,7.9,19,0,2,8,1,44,17,44,2912748
2018,Kentucky,0,0.2,10,1,8.5,16.6,0,2,9,1,47,15,47,4464273
2018,Louisiana,0,0.4,10,2,10.3,19.6,0,5,9,3,53,18,53,4664450
2018,Maine,0,0.2,8,0,5.4,10.4,0,2,8,0,30,9,30,1340123
2018,Maryland,0,0.2,14,3,7.3,0,0,2,13,4,41,0,41,6042153
2018,Massachusetts,0,0.3,13,1,6.8,0,0,3,12,1,38,0,38,6885720
2018,Michigan,0,0.4,15,3,10.2,21.9,0,5,14,4,53,20,53,9987286
2018,Minnesota,0,0.3,13,1,6.7,23.3,0,3,12,1,37,21,37,5608762
2018,Mississippi,0,0.1,7,1,8.4,20,0,1,7,1,47,18,47,2982879
2018,Missouri,0,0.3,15,4,8.5,20.1,0,3,14,6,47,18,47,6125986
2018,Montana,0,0.2,2,1,6.9,16.3,0,2,2,1,38,15,38,1061818
2018,Nebraska,0,0.3,0,1,8.7,18.8,0,3,0,1,48,17,48,1925512
2018,Nevada,0,0.4,27,1,7.6,21.6,0,5,25,1,42,20,42,3030725
2018,New Hampshire,0,0.2,4,1,4.7,9.4,0,2,4,1,26,9,26,1355064
2018,New Jersey,0,0.3,18,1,8.7,0,0,3,17,1,48,0,48,8891730
2018,New Mexico,0,0.2,10,1,6.1,27.8,0,2,9,1,34,25,34,2093754
2018,New York,0,0.3,19,1,6.6,0,0,3,18,1,37,0,37,19544098
2018,North Carolina,0,0.3,10,2,7.8,13.7,0,3,9,3,43,12,43,10391358
2018,North Dakota,0,0.2,5,2,5.7,11.4,0,2,5,3,32,10,32,760062
2018,Ohio,0,0.2,16,1,9.4,14.2,0,2,15,1,52,13,52,11680892
2018,Oklahoma,0,0.2,13,1,8.4,19.6,0,2,12,1,47,18,47,3943488
2018,Oregon,0,0.3,16,1,0,16.6,0,3,15,1,0,15,15,4183538
2018,Pennsylvania,0,0.3,9,2,9.1,14.1,0,3,8,3,51,13,51,12809107
2018,Rhode Island,0,0.4,17,0,6.9,0,0,5,16,0,38,0,38,1059338
2018,South Carolina,0,0.1,9,0,6.9,14.3,0,1,8,0,38,13,38,5091702
2018,South Dakota,0,0.2,6,1,5.4,16.9,0,2,6,1,30,15,30,879386
2018,Tennessee,0,0.3,12,4,7.1,16.6,0,3,11,6,39,15,39,6778180
2018,Texas,0,0.3,11,3,8.7,0,0,3,10,4,48,0,48,28624564
2018,Utah,0,0.3,11,0,7.5,11.3,0,3,10,0,42,10,42,3155153
2018,Vermont,0,0.2,10,0,5.7,0,0,2,9,0,32,0,32,624802
2018,Virginia,0,0.3,11,1,7.2,0,0,3,10,1,40,0,40,8510920
2018,Washington,0,0.2,16,3,8.5,20,0,2,15,4,47,18,47,7526793
2018,West Virginia,0,0.2,0,4,8.5,13.3,0,2,0,6,47,12,47,1805953
2018,Wisconsin,0,0.2,12,1,7.1,14.1,0,2,11,1,39,13,39,5809319
2018,Wyoming,0,0.1,6,1,4.1,11.7,0,1,6,1,23,11,23,579054
2019,Alabama,0,0.3,18,3,9,21.9,0,3,17,4,50,20,50,4907965
2019,Alaska,0,0.5,14,8,6.9,14.7,0,6,13,11,38,13,38,733603
2019,Arizona,0,0.3,20,5,6.5,28.1,0,3,19,7,36,26,36,7291843
2019,Arkansas,0,0.4,13,1,0,0,0,5,12,1,0,0,12,3020985
2019,California,0,0.3,13,1,7.1,24,0,3,12,1,39,22,39,39437610
2019,Colorado,0,0.3,14,2,6.8,15.9,0,3,13,3,38,14,38,5758486
2019,Connecticut,0,0.3,16,0,6.8,13.1,0,3,15,0,38,12,38,3566022
2019,Delaware,0,0.2,16,1,7.2,0,0,2,15,1,40,0,40,976668
2019,Florida,0,0.3,11,1,7,16.7,0,3,10,1,39,15,39,21492056
2019,Georgia,0,0.4,20,2,9.1,14.9,0,5,19,3,51,14,51,10628020
2019,Hawaii,0,0.2,7,2,2.5,11.8,0,2,7,3,14,11,14,1415615
2019,Idaho,0,0.4,16,5,3.9,16.6,0,5,15,7,22,15,22,1789060
2019,Illinois,0,0.2,18,2,8.9,28.3,0,2,17,3,49,26,49,12667017
2019,Indiana,0,0.3,15,2,9.3,18.1,0,3,14,3,51,16,51,6731010
2019,Iowa,0,0.2,6,1,8.2,34.5,0,2,6,1,46,31,46,3159596
2019,Kansas,0,0.2,7,1,7.9,17,0,2,7,1,44,15,44,2912635
2019,Kentucky,0,0.2,11,1,8.5,18.2,0,2,10,1,47,17,47,4472345
2019,Louisiana,0,0.2,10,2,8.2,16.3,0,2,9,3,46,15,46,4658285
2019,Maine,0,0.2,7,0,5.2,14.4,0,2,7,0,29,13,29,1345770
2019,Maryland,0,0.2,13,2,6.8,0,0,2,12,3,38,0,38,6054954
2019,Massachusetts,0,0.2,13,0,6.7,0,0,2,12,0,37,0,37,6894883
2019,Michigan,0,0.4,15,3,8.8,19.6,0,5,14,4,49,18,49,9984795
2019,Minnesota,0,0.3,12,1,6.3,19.2,0,3,11,1,35,17,35,5640053
2019,Mississippi,0,0.1,7,1,8.3,18.9,0,1,7,1,46,17,46,2978227
2019,Missouri,0,0.3,14,8,8.3,19.8,0,3,13,11,46,18,46,6140475
2019,Montana,0,0.2,2,1,5.8,14.5,0,2,2,1,32,13,32,1070123
2019,Nebraska,0,0.3,0,1,7.3,16.7,0,3,0,1,41,15,41,1932571
2019,Nevada,0,0.3,21,1,5.3,18.6,0,3,20,1,29,17,29,3090771
2019,New Hampshire,0,0.1,4,1,4.6,11.4,0,1,4,1,26,10,26,1360783
2019,New Jersey,0,0.3,19,1,8.4,0,0,3,18,1,47,0,47,8891258
2019,New Mexico,0,0.2,10,0,5.8,25.4,0,2,9,0,32,23,32,2099634
2019,New York,0,0.2,17,1,5.8,0,0,2,16,1,32,0,32,19463131
2019,North Carolina,0,0.3,11,1,7.8,12.7,0,3,10,1,43,12,43,10501384
2019,North Dakota,0,0.2,5,2,4.6,8.4,0,2,5,3,26,8,26,763724
2019,Ohio,0,0.2,15,1,9.3,14.7,0,2,14,1,51,13,51,11696507
2019,Oklahoma,0,0.2,11,1,8.1,19.2,0,2,10,1,45,17,45,3960676
2019,Oregon,0,0.2,13,1,10.6,17.4,0,2,12,1,54,16,54,4216116
2019,Pennsylvania,0,0.3,10,2,8.2,15.4,0,3,9,3,46,14,46,12798883
2019,Rhode Island,0,0.4,13,0,5.4,0,0,5,12,0,30,0,30,1058158
2019,South Carolina,0,0.1,9,0,7.3,14.9,0,1,8,0,41,14,41,5157702
2019,South Dakota,0,0.2,5,1,4.5,15.3,0,2,5,1,25,14,25,887127
2019,Tennessee,0,0.2,12,4,7.2,16.2,0,2,11,6,40,15,40,6830325
2019,Texas,0,0.3,11,3,8.6,0,0,3,10,4,48,0,48,28986794
2019,Utah,0,0.3,13,1,5.9,4.4,0,3,12,1,33,4,33,3203383
2019,Vermont,0,0.2,10,0,5.6,0,0,2,9,0,31,0,31,624046
2019,Virginia,0,0.3,12,2,8,0,0,3,11,3,44,0,44,8556642
2019,Washington,0,0.2,20,3,7,17.1,0,2,19,4,39,16,39,7614024
2019,West Virginia,0,0.2,0,4,8.1,14.2,0,2,0,6,45,13,45,1795263
2019,Wisconsin,0,0.2,12,1,6.8,13.1,0,2,11,1,38,12,38,5824581
2019,Wyoming,0,0.1,5,1,2.7,9.6,0,1,5,1,15,9,15,580116
2020,Alabama,0,0.3,15,1,8.5,20.7,0,3,14,1,47,19,47,5031864
2020,Alaska,0,0.4,0,7,5.1,10.5,0,5,0,10,28,10,28,732964
2020,Arizona,0,0.4,19,3,9.3,35.7,0,5,18,4,51,33,51,7186683
2020,Arkansas,0,0.3,12,1,0,0,0,3,11,1,0,0,11,3014348
2020,California,0,0.3,14,1,13.7,34.5,0,3,13,1,60,31,60,39503200
2020,Colorado,0,0.3,12,1,8.1,12.8,0,3,11,1,45,12,45,5785219
2020,Connecticut,0,0.2,15,0,7,13.8,0,2,14,0,39,13,39,3577586
2020,Delaware,0,0.2,15,1,6.9,0,0,2,14,1,38,0,38,991862
2020,Florida,0,0.3,10,1,7.5,17.9,0,3,9,1,42,16,42,21591299
2020,Georgia,0,0.5,18,2,8.3,14,0,6,17,3,46,13,46,10732390
2020,Hawaii,0,0.2,5,3,2.6,11.2,0,2,5,4,14,10,14,1451181
2020,Idaho,0,0.4,17,5,2.7,20.8,0,5,16,7,15,19,19,1849339
2020,Illinois,0,0.2,17,2,8.5,34.4,0,2,16,3,47,31,47,12790357
2020,Indiana,0,0.3,12,2,8.6,18.4,0,3,11,3,48,17,48,6789098
2020,Iowa,0,0.2,6,1,8.3,36.5,0,2,6,1,46,33,46,3190904
2020,Kansas,0,0.2,7,1,7.5,21.5,0,2,7,1,42,20,42,2938124
2020,Kentucky,0,0.2,10,1,7.6,17.6,0,2,9,1,42,16,42,4508155
2020,Louisiana,0,0.3,9,2,6.6,16.9,0,3,8,3,37,15,37,4652022
2020,Maine,0,0.2,9,0,4.9,13.1,0,2,8,0,27,12,27,1364517
2020,Maryland,0,0.2,13,1,6.1,0,0,2,12,1,34,0,34,6173689
2020,Massachusetts,0,0.2,12,0,6.7,0,0,2,11,0,37,0,37,6997713
2020,Michigan,0,0.3,14,2,9.2,18.9,0,3,13,3,51,17,51,10070627
2020,Minnesota,0,0.3,10,1,5.7,21,0,3,9,1,32,19,32,5710578
2020,Mississippi,0,0.1,6,1,8.6,19.2,0,1,6,1,48,17,48,2958409
2020,Missouri,0,0.3,13,7,8.5,22.7,0,3,12,10,47,21,47,6154426
2020,Montana,0,0.2,2,1,6.1,17.8,0,2,2,1,34,16,34,1087211
2020,Nebraska,0,0.3,0,1,7.3,19.7,0,3,0,1,41,18,41,1963273
2020,Nevada,0,0.3,23,1,7.3,25,0,3,22,1,41,23,41,3115840
2020,New Hampshire,0,0.1,4,1,4.5,12.7,0,1,4,1,25,12,25,1378702
2020,New Jersey,0,0.3,17,1,7.8,0,0,3,16,1,43,0,43,9272392
2020,New Mexico,0,0.2,10,1,6.7,33.2,0,2,9,1,37,30,37,2118488
2020,New York,0,0.2,16,1,6.5,0,0,2,15,1,36,0,36,20104710
2020,North Carolina,0,0.3,9,1,6.8,11.2,0,3,8,1,38,10,38,10453812
2020,North Dakota,0,0.2,4,2,4.6,9.5,0,2,4,3,26,9,26,779563
2020,Ohio,0,0.2,14,1,8.5,14.9,0,2,13,1,47,14,47,11798292
2020,Oklahoma,0,0.4,11,1,8.2,18.4,0,5,10,1,46,17,46,3965234
2020,Oregon,0,0.3,11,0,14.5,24.2,0,3,10,0,61,22,61,4245044
2020,Pennsylvania,0,0.2,10,1,7.6,14.7,0,2,9,1,42,13,42,12995477
2020,Rhode Island,0,0.4,12,0,5.9,0,0,5,11,0,33,0,33,1096444
2020,South Carolina,0,0,7,0,7,13.6,0,0,7,0,39,12,39,5132151
2020,South Dakota,0,0.2,5,1,5.2,19.7,0,2,5,1,29,18,29,887852
2020,Tennessee,0,0.2,11,3,7.9,16.3,0,2,10,4,44,15,44,6926091
2020,Texas,0,0.3,10,2,8.6,0,0,3,9,3,48,0,48,29234361
2020,Utah,0,0.1,12,1,7.6,0,0,1,11,1,42,0,42,3283982
2020,Vermont,0,0.2,8,0,5.6,0,0,2,8,0,31,0,31,642936
2020,Virginia,0,0.3,10,2,6.9,0,0,3,9,3,38,0,38,8637193
2020,Washington,0,0.2,18,2,9.4,26.8,0,2,17,3,52,24,52,7724566
2020,West Virginia,0,0.2,0,3,7,13,0,2,0,4,39,12,39,1791562
2020,Wisconsin,0,0.2,9,1,6.8,14.9,0,2,8,1,38,14,38,5896700
2020,Wyoming,0,0.1,4,1,3.4,13.7,0,1,4,1,19,12,19,577664
2021,Alabama,0,0.3,15,1,8.4,21.1,0,3,14,1,47,19,47,5050380
2021,Alaska,0,0.3,0,6,4.8,11.4,0,3,0,8,27,10,27,734923
2021,Arizona,0,0.3,21,2,8.8,33.3,0,3,20,3,49,30,49,7272487
2021,Arkansas,0,0.3,12,1,9.8,0,0,3,11,1,52,0,52,3028443
2021,California,0,0.3,14,1,10.3,29.2,0,3,13,1,53,27,53,39145060
2021,Colorado,0,0.3,12,1,8.4,19.6,0,3,11,1,47,18,47,5811596
2021,Connecticut,0,0.2,15,0,7.3,14.4,0,2,14,0,41,13,41,3603691
2021,Delaware,0,0.3,14,0,7.8,0,0,3,13,0,43,0,43,1004881
2021,Florida,0,0.3,12,1,7.1,17.5,0,3,11,1,39,16,39,21830708
2021,Georgia,0,0.5,18,2,9.7,16.5,0,6,17,3,52,15,52,10790385
2021,Hawaii,0,0.2,5,5,2.9,11,0,2,5,7,16,10,16,1446745
2021,Idaho,0,0.3,18,5,0,23.8,0,3,17,7,0,22,22,1904537
2021,Illinois,0,0.2,17,2,9.3,35.1,0,2,16,3,51,32,51,12690341
2021,Indiana,0,0.3,13,2,9.7,20.4,0,3,12,3,52,19,52,6813798
2021,Iowa,0,0.2,6,1,8.4,35.2,0,2,6,1,47,32,47,3197944
2021,Kansas,0,0.2,7,1,9.8,24.6,0,2,7,1,52,22,52,2937946
2021,Kentucky,0,0.2,11,1,9,18.8,0,2,10,1,50,17,50,4507600
2021,Louisiana,0,0.3,9,2,7.7,16.7,0,3,8,3,43,15,43,4627047
2021,Maine,0,0.2,7,0,4.9,14.5,0,2,7,0,27,13,27,1378787
2021,Maryland,0,0.2,15,1,7.2,0,0,2,14,1,40,0,40,6175045
2021,Massachusetts,0,0.3,11,0,7,0,0,3,10,0,39,0,39,6991951
2021,Michigan,0,0.4,15,2,9.4,19.9,0,5,14,3,52,18,52,10038117
2021,Minnesota,0,0.3,11,1,7.2,22.9,0,3,10,1,40,21,40,5717968
2021,Mississippi,0,0.2,6,1,8.5,19.5,0,2,6,1,47,18,47,2949582
2021,Missouri,0,0.3,13,8,8.7,24.1,0,3,12,11,48,22,48,6170393
2021,Montana,0,0.2,2,1,9.1,21.9,0,2,2,1,51,20,51,1106366
2021,Nebraska,0,0.3,0,2,8,22.7,0,3,0,3,44,21,44,1964253
2021,Nevada,0,0.3,22,1,7.5,26.4,0,3,21,1,42,24,42,3146632
2021,New Hampshire,0,0.2,5,1,5.7,13.1,0,2,5,1,32,12,32,1387494
2021,New Jersey,0,0.4,18,1,8.1,0,0,5,17,1,45,0,45,9269175
2021,New Mexico,0,0.2,10,1,7.7,33.4,0,2,9,1,43,30,43,2116950
2021,New York,0,0.2,16,1,7.3,0,0,2,15,1,41,0,41,19854526
2021,North Carolina,0,0.3,9,1,7.8,13,0,3,8,1,43,12,43,10567100
2021,North Dakota,0,0.2,4,2,7.2,15.1,0,2,4,3,40,14,40,777982
2021,Ohio,0,0.3,14,2,9.9,19.3,0,3,13,3,52,18,52,11765227
2021,Oklahoma,0,0.4,12,1,10.1,20.8,0,5,11,1,53,19,53,3991634
2021,Oregon,0,0.2,12,1,12.4,16.3,0,2,11,1,57,15,57,4256465
2021,Pennsylvania,0,0.3,11,2,8.8,16.2,0,3,10,3,49,15,49,13013614
2021,Rhode Island,0,0.4,13,0,6.7,0,0,5,12,0,37,0,37,1097092
2021,South Carolina,0,0.2,8,0,7.9,15.2,0,2,8,0,44,14,44,5193848
2021,South Dakota,0,0.2,7,1,6.8,20.8,0,2,7,1,38,19,38,896299
2021,Tennessee,0,0.2,11,3,8.7,18.1,0,2,10,4,48,16,48,6963709
2021,Texas,0,0.3,11,3,8.7,50.4,0,3,10,4,48,46,48,29561286
2021,Utah,0,0.2,11,1,8.8,6.6,0,2,10,1,49,6,49,3339284
2021,Vermont,0,0.2,9,0,6,0,0,2,8,0,33,0,33,647093
2021,Virginia,0,0.3,11,1,7.7,15.2,0,3,10,1,43,14,43,8657348
2021,Washington,0,0.2,18,0,7.3,19.5,0,2,17,0,41,18,41,7741433
2021,West Virginia,0,0.2,0,3,10.7,15.5,0,2,0,4,54,14,54,1785249
2021,Wisconsin,0,0.2,12,1,8,17.5,0,2,11,1,44,16,44,5879978
2021,Wyoming,0,0.1,5,1,5.6,15.1,0,1,5,1,31,14,31,579548
2022,Alabama,0,0.2,14,1,8.2,19.4,0,2,13,1,46,18,46,5073903
2022,Alaska,0,0.3,0,4,4.8,12.9,0,3,0,6,27,12,27,733276
2022,Arizona,0,0.3,20,2,7.9,30.7,0,3,19,3,44,28,44,7365684
2022,Arkansas,0,0.4,13,1,8.5,0,0,5,12,1,47,0,47,3046404
2022,California,0,0.3,14,1,8.5,30.8,0,3,13,1,47,28,47,39040616
2022,Colorado,0,0.3,12,1,5.9,16.7,0,3,11,1,33,15,33,5841039
2022,Connecticut,0,0.2,16,0,6.5,13.5,0,2,15,0,36,12,36,3608706
2022,Delaware,0,0.2,15,0,6.8,0,0,2,14,0,38,0,38,1019459
2022,Florida,0,0.3,11,2,7,18,0,3,10,3,39,16,39,22245521
2022,Georgia,0,0.4,19,2,9,18.3,0,5,18,3,50,17,50,10913150
2022,Hawaii,0,0.1,6,4,3.4,13.4,0,1,6,6,19,12,19,1439399
2022,Idaho,0,0.2,18,4,0,21.5,0,2,17,6,0,20,20,1938996
2022,Illinois,0,0.2,17,2,8.3,33.4,0,2,16,3,46,30,46,12582515
2022,Indiana,0,0.2,12,2,8.9,20.3,0,2,11,3,49,18,49,6832274
2022,Iowa,0,0.2,6,2,7.9,33.1,0,2,6,3,44,30,44,3199693
2022,Kansas,0,0.1,8,1,8.6,26.6,0,1,8,1,48,24,48,2936716
2022,Kentucky,0,0.2,11,1,7.9,18.4,0,2,10,1,44,17,44,4511563
2022,Louisiana,0,0.3,9,2,8.8,18.8,0,3,8,3,49,17,49,4588023
2022,Maine,0,0.2,7,0,4,11.7,0,2,7,0,22,11,22,1389338
2022,Maryland,0,0.2,14,1,6.5,0,0,2,13,1,36,0,36,6163981
2022,Massachusetts,0,0.3,12,0,6.3,0,0,3,11,0,35,0,35,6982740
2022,Michigan,0,0.3,14,2,8.9,19.8,0,3,13,3,49,18,49,10033281
2022,Minnesota,0,0.3,11,1,5.5,19.1,0,3,10,1,31,17,31,5714300
2022,Mississippi,0,0.1,6,0,8.5,19.5,0,1,6,0,47,18,47,2938928
2022,Missouri,0,0.3,14,10,8.1,23.7,0,3,13,14,45,22,45,6177168
2022,Montana,0,0.2,3,1,7.6,18.1,0,2,3,1,42,16,42,1122878
2022,Nebraska,0,0.2,0,2,5,22.6,0,2,0,3,28,21,28,1968060
2022,Nevada,0,0.3,21,1,6.1,26.9,0,3,20,1,34,24,34,3177421
2022,New Hampshire,0,0.1,3,1,4.8,12,0,1,3,1,27,11,27,1399003
2022,New Jersey,0,0.4,18,1,7.3,0,0,5,17,1,41,0,41,9260817
2022,New Mexico,0,0.2,10,1,6.6,31.1,0,2,9,1,37,28,37,2113476
2022,New York,0,0.2,17,1,6.5,0,0,2,16,1,36,0,36,19673200
2022,North Carolina,0,0.3,10,1,7.1,13,0,3,9,1,39,12,39,10695965
2022,North Dakota,0,0.1,4,2,5.9,15.5,0,1,4,3,33,14,33,778912
2022,Ohio,0,0.2,14,1,8.7,18.7,0,2,13,1,48,17,48,11759697
2022,Oklahoma,0,0.3,12,1,8.4,20.8,0,3,11,1,47,19,47,4019271
2022,Oregon,0,0.2,12,1,10.8,21,0,2,11,1,54,19,54,4239379
2022,Pennsylvania,0,0.3,11,2,8,14.8,0,3,10,3,44,13,44,12972091
2022,Rhode Island,0,0.3,13,0,5.4,0,0,3,12,0,30,0,30,1093842
2022,South Carolina,0,0.2,8,0,7.6,15.7,0,2,8,0,42,14,42,5282955
2022,South Dakota,0,0.2,5,0,4.7,19.5,0,2,5,0,26,18,26,909869
2022,Tennessee,0,0.3,10,3,7.7,18.2,0,3,9,4,43,17,43,7048976
2022,Texas,0,0.3,11,3,8.6,51.3,0,3,10,4,48,47,48,30029848
2022,Utah,0,0.2,13,1,7.1,22.4,0,2,12,1,39,20,39,3381236
2022,Vermont,0,0.1,11,0,5.6,0,0,1,10,0,31,0,31,647110
2022,Virginia,0,0.2,11,1,7.4,14,0,2,10,1,41,13,41,8679099
2022,Washington,0,0.2,19,0,8.4,18.1,0,2,18,0,47,16,47,7784477
2022,West Virginia,0,0.2,0,2,9.4,15.5,0,2,0,3,52,14,52,1774035
2022,Wisconsin,0,0.2,11,1,6.7,16.2,0,2,10,1,37,15,37,5890543
2022,Wyoming,0,0.1,5,1,4,12.6,0,1,5,1,22,11,22,581629
2023,Alabama,0,0.2,15,2,8.4,19.9,0,2,14,3,47,18,47,5108468
2023,Alaska,0,0.3,0,2,4.5,11.6,0,3,0,3,25,11,25,733406
2023,Arizona,0,0.3,20,2,7.3,32,0,3,19,3,41,29,41,7431344
2023,Arkansas,0,0.4,6,1,11,0,0,5,6,1,55,0,55,3067732
2023,California,0,0.3,13,1,7.7,25.2,0,3,12,1,43,23,43,38965193
2023,Colorado,0,0.3,12,2,6,19,0,3,11,3,33,17,33,5877610
2023,Connecticut,0,0.3,16,0,7.5,14.9,0,3,15,0,42,14,42,3617176
2023,Delaware,0,0,14,0,8.9,0,0,0,13,0,49,0,49,1031890
2023,Florida,0,0.3,12,2,7.1,18.5,0,3,11,3,39,17,39,22610726
2023,Georgia,0,0.5,19,2,10,18.4,0,6,18,3,53,17,53,11029227
2023,Hawaii,0,0.1,6,3,3.3,14.5,0,1,6,4,18,13,18,1435138
2023,Idaho,0,0.2,15,4,0,45.4,0,2,14,6,0,41,41,1964726
2023,Illinois,0,0.2,18,2,9.1,29.2,0,2,17,3,51,27,51,12549689
2023,Indiana,0,0.3,11,2,10.4,21,0,3,10,3,53,19,53,6862199
2023,Iowa,0,0.2,6,1,10.8,34.9,0,2,6,1,54,32,54,3207004
2023,Kansas,0,0.1,8,0,8.1,24.7,0,1,8,0,45,22,45,2940546
2023,Kentucky,0,0.3,11,1,8.5,20.3,0,3,10,1,47,18,47,4526154
2023,Louisiana,0,0.3,9,2,9,19.7,0,3,8,3,50,18,50,4573749
2023,Maine,0,0.2,7,0,6.2,14.4,0,2,7,0,34,13,34,1395722
2023,Maryland,0,0.2,14,0,7,0,0,2,13,0,39,0,39,6180253
2023,Massachusetts,0,0.3,11,0,7,13.7,0,3,10,0,39,12,39,7001399
2023,Michigan,0,0.3,15,2,10.8,20.1,0,3,14,3,54,18,54,10037261
2023,Minnesota,0,0.3,11,1,7.9,21.8,0,3,10,1,44,20,44,5737915
2023,Mississippi,0,0.2,7,0,10,20.5,0,2,7,0,53,19,53,2939690
2023,Missouri,0,0.3,14,10,9.6,24.7,0,3,13,14,52,22,52,6196156
2023,Montana,0,0.2,3,2,7.6,18.6,0,2,3,3,42,17,42,1132812
2023,Nebraska,0,0.2,0,2,7.2,21.1,0,2,0,3,40,19,40,1978379
2023,Nevada,0,0.3,20,1,5.1,21,0,3,19,1,28,19,28,3194176
2023,New Hampshire,0,0.2,4,1,5.9,11.2,0,2,4,1,33,10,33,1402054
2023,New Jersey,0,0.4,18,1,8.8,0,0,5,17,1,49,0,49,9290841
2023,New Mexico,0,0.2,11,39,5.9,27.6,0,2,10,55,33,25,55,2114371
2023,New York,0,0.2,16,1,8,0,0,2,15,1,44,0,44,19571216
2023,North Carolina,0,0.3,10,0,8.6,13.9,0,3,9,0,48,13,48,10835491
2023,North Dakota,0,0.2,5,2,9.9,17.5,0,2,5,3,52,16,52,783926
2023,Ohio,0,0.2,14,2,10.6,21.2,0,2,13,3,54,19,54,11785935
2023,Oklahoma,0,0.4,11,1,8.8,22.8,0,5,10,1,49,21,49,4053824
2023,Oregon,0,0.2,11,1,8.5,12.5,0,2,10,1,47,11,47,4233358
2023,Pennsylvania,0,0.3,13,2,9.7,16.6,0,3,12,3,52,15,52,12961683
2023,Rhode Island,0,0.3,12,0,7,0,0,3,11,0,39,0,39,1095962
2023,South Carolina,0,0.1,8,0,8.7,16.3,0,1,8,0,48,15,48,5373555
2023,South Dakota,0,0.2,9,0,7.1,20.3,0,2,8,0,39,18,39,919318
2023,Tennessee,0,0.3,11,3,8.8,19.8,0,3,10,4,49,18,49,7126489
2023,Texas,0,0.3,11,2,9.2,31,0,3,10,3,51,28,51,30503301
2023,Utah,0,0.2,12,1,7.1,17.9,0,2,11,1,39,16,39,3417734
2023,Vermont,0,0.2,9,0,6.3,0,0,2,8,0,35,0,35,647464
2023,Virginia,0,0.3,12,1,8.3,15.9,0,3,11,1,46,14,46,8715698
2023,Washington,0,0.2,18,1,7.4,18.7,0,2,17,1,41,17,41,7812880
2023,West Virginia,0,0.2,0,2,10.1,18.1,0,2,0,3,53,16,53,1770071
2023,Wisconsin,0,0.2,10,1,9.2,18.6,0,2,9,1,51,17,51,5910955
2023,Wyoming,0,0.1,5,1,3.8,11.3,0,1,5,1,21,10,21,584057
